osm_wid,name,osmtype,osmsubtype,linkuse,nnodes,lat,lng,z,x,height,levels
w6344503,Northeast 36th Way,highway,residential,slowroad,7,47.6424649,-122.1267986,-423.6251,-531.4279,0,0
w6446872,Northeast 39th Street,highway,residential,slowroad,15,47.6448036,-122.1293565,-158.4198,-714.2290,0,0
w6480984,159th Avenue Northeast,highway,residential,slowroad,3,47.6458209,-122.1270771,-282.9298,-877.9492,0,0
w6516018,Northeast 36th Street,highway,residential,slowroad,13,47.6425775,-122.1283780,-307.8724,-504.0819,0,0
w29221443,service01,highway,service,driveway,6,47.6433143,-122.1267084,-399.3785,-623.1215,0,0
w29221447,service02,highway,service,driveway,30,47.6455831,-122.1249342,-443.0469,-906.0940,0,0
w29221448,service03,highway,service,driveway,10,47.6440640,-122.1264489,-390.7007,-708.5149,0,0
w29221460,service04,highway,service,driveway,21,47.6428855,-122.1299089,-188.5157,-498.5111,0,0
w29221461,service05,highway,service,driveway,7,47.6431032,-122.1302378,-157.4038,-513.2763,0,0
w29221475,service06,highway,service,driveway,10,47.6455032,-122.1251351,-431.7151,-892.6999,0,0
w29252485,path01,highway,path,walkway,3,47.6452282,-122.1320527,47.5488,-692.0234,0,0
w29252489,path02,highway,path,walkway,5,47.6458887,-122.1311587,8.1436,-783.7751,0,0
w29466455,footway01,highway,footway,walkway,2,47.6427303,-122.1276132,-356.4464,-539.1546,0,0
w29544771,service07,highway,service,driveway,4,47.6446760,-122.1281870,-245.7196,-729.8230,0,0
w29544807,service08,highway,service,driveway,6,47.6442100,-122.1274470,-314.8533,-699.1100,0,0
w29544859,service09,highway,service,driveway,17,47.6430673,-122.1311317,-95.4878,-487.3036,0,0
w29544863,service10,highway,service,driveway,2,47.6432004,-122.1315482,-61.2351,-490.9877,0,0
w30510109,service11,highway,service,driveway,8,47.6454119,-122.1289953,-162.0294,-787.2651,0,0
w30510115,service12,highway,service,driveway,2,47.6456134,-122.1299055,-90.4014,-785.8890,0,0
w30510159,service13,highway,service,driveway,8,47.6453993,-122.1292883,-141.7680,-778.6621,0,0
w30510169,service14,highway,service,driveway,3,47.6454638,-122.1287804,-175.3595,-798.0625,0,0
w31058278,service15,highway,service,driveway,8,47.6441184,-122.1311246,-58.0900,-598.1808,0,0
w34813206,service16,highway,service,driveway,20,47.6430161,-122.1297942,-191.9141,-515.1195,0,0
w34813231,service17,highway,service,driveway,4,47.6453099,-122.1285982,-193.7894,-786.3731,0,0
w34813233,service18,highway,service,driveway,7,47.6430458,-122.1267225,-408.0598,-594.4866,0,0
w34813252,service19,highway,service,driveway,8,47.6441702,-122.1267166,-367.9377,-713.0573,0,0
w34927874,service20,highway,service,driveway,9,47.6447284,-122.1303582,-90.3002,-681.4467,0,0
w34927877,service21,highway,service,driveway,4,47.6444363,-122.1309624,-58.0968,-635.6890,0,0
w34927878,service22,highway,service,driveway,10,47.6443187,-122.1302266,-114.3762,-641.5620,0,0
w34927879,service23,highway,service,driveway,22,47.6444044,-122.1298726,-136.3153,-659.3769,0,0
w34927884,footway02,highway,footway,walkway,3,47.6450928,-122.1297711,-118.6741,-734.4016,0,0
w34927885,service24,highway,service,driveway,2,47.6454641,-122.1291960,-145.9552,-787.7823,0,0
w35694061,footway03,highway,footway,walkway,2,47.6443725,-122.1306258,-84.2025,-637.3291,0,0
w61508297,footway04,highway,footway,walkway,2,47.6426843,-122.1321202,-39.3933,-422.4361,0,0
w61508299,footway05,highway,footway,walkway,4,47.6446163,-122.1296175,-146.7160,-688.0250,0,0
w61508313,footway06,highway,footway,walkway,2,47.6426488,-122.1305138,-154.2707,-458.5724,0,0
w75461531,footway07,highway,footway,walkway,2,47.6423504,-122.1259888,-485.0208,-539.4697,0,0
w135791333,service25,highway,service,driveway,9,47.6424612,-122.1254429,-519.6269,-564.6856,0,0
w242636498,157th Avenue Northeast,highway,residential,slowroad,14,47.6437445,-122.1305676,-110.9664,-572.6289,0,0
w242637793,tertiary01,highway,tertiary,road,3,47.6448911,-122.1269026,-328.7950,-784.3596,0,0
w261338881,service26,highway,service,driveway,10,47.6446344,-122.1297287,-138.1993,-687.1760,0,0
w261340037,service27,highway,service,driveway,4,47.6435166,-122.1301737,-147.0325,-558.4096,0,0
w261340038,service28,highway,service,driveway,4,47.6436637,-122.1302703,-134.8988,-571.4950,0,0
w261340040,service29,highway,service,driveway,3,47.6436361,-122.1297804,-170.5351,-580.7540,0,0
w261484972,footway08,highway,footway,walkway,2,47.6440628,-122.1286522,-234.9328,-653.6910,0,0
w261484973,footway09,highway,footway,walkway,2,47.6435837,-122.1293570,-202.3694,-585.7527,0,0
w261486848,footway10,highway,footway,walkway,4,47.6426861,-122.1273205,-378.7447,-541.7645,0,0
w261486849,footway11,highway,footway,walkway,9,47.6429336,-122.1276489,-346.5909,-559.6838,0,0
w261486852,Northeast 36th Way01,highway,residential,slowroad,3,47.6422580,-122.1260888,-481.2783,-527.2516,0,0
w261486854,Northeast 36th Way02,highway,residential,slowroad,9,47.6423920,-122.1268256,-424.3430,-523.0795,0,0
w261486855,footway12,highway,footway,walkway,3,47.6428390,-122.1272912,-375.3049,-558.5938,0,0
w261486856,service30,highway,service,driveway,11,47.6432833,-122.1256898,-472.5246,-645.1338,0,0
w261486857,service31,highway,service,driveway,8,47.6430815,-122.1273709,-360.9248,-582.1579,0,0
w261486858,service32,highway,service,driveway,8,47.6427231,-122.1279031,-336.2051,-531.2046,0,0
w261486859,footway13,highway,footway,walkway,4,47.6434892,-122.1273956,-344.4808,-624.4795,0,0
w261490858,service33,highway,service,driveway,21,47.6443097,-122.1278384,-283.5791,-699.9042,0,0
w261942482,footway14,highway,footway,walkway,9,47.6436081,-122.1303808,-129.0881,-562.9060,0,0
w261942484,footway15,highway,footway,walkway,3,47.6434144,-122.1304891,-128.4180,-539.8120,0,0
w261942485,footway16,highway,footway,walkway,2,47.6435934,-122.1304863,-122.1553,-558.7344,0,0
w261942486,footway17,highway,footway,walkway,2,47.6432305,-122.1304594,-137.1432,-521.1898,0,0
w261942487,footway18,highway,footway,walkway,3,47.6431190,-122.1304978,-138.4460,-508.4914,0,0
w261942488,footway19,highway,footway,walkway,2,47.6425940,-122.1291255,-254.4209,-487.2623,0,0
w261942490,footway20,highway,footway,walkway,2,47.6443905,-122.1303856,-100.5377,-645.1806,0,0
w261942491,footway21,highway,footway,walkway,2,47.6445887,-122.1301414,-110.6658,-672.1235,0,0
w261942492,footway22,highway,footway,walkway,5,47.6446707,-122.1300402,-114.8641,-683.2696,0,0
w261942493,footway23,highway,footway,walkway,2,47.6447084,-122.1303147,-94.0899,-680.4202,0,0
w261942494,footway24,highway,footway,walkway,2,47.6442500,-122.1304635,-100.0998,-628.4579,0,0
w261942495,footway25,highway,footway,walkway,3,47.6443197,-122.1304323,-99.7903,-636.5620,0,0
w261942496,footway26,highway,footway,walkway,3,47.6442698,-122.1305559,-92.8489,-628.2387,0,0
w261942497,footway27,highway,footway,walkway,5,47.6447628,-122.1296459,-139.4281,-702.7524,0,0
w261943870,footway28,highway,footway,walkway,3,47.6447921,-122.1297445,-131.3965,-703.3937,0,0
w261943871,footway29,highway,footway,walkway,2,47.6449363,-122.1296935,-129.8052,-719.8425,0,0
w261943872,footway30,highway,footway,walkway,2,47.6448078,-122.1296364,-138.4742,-707.7322,0,0
w261946754,footway31,highway,footway,walkway,3,47.6449538,-122.1307979,-51.0796,-694.2688,0,0
w261946755,footway32,highway,footway,walkway,2,47.6449663,-122.1306946,-57.9320,-698.1469,0,0
w262931382,service34,highway,service,driveway,15,47.6427387,-122.1266185,-426.4855,-564.7338,0,0
w264235567,footway33,highway,footway,walkway,2,47.6443565,-122.1320104,13.1281,-601.2707,0,0
w344956347,service35,highway,service,driveway,13,47.6452108,-122.1278950,-247.0871,-793.3992,0,0
w344956348,footway34,highway,footway,walkway,3,47.6449062,-122.1269140,-327.4445,-785.6668,0,0
w344956349,service36,highway,service,driveway,3,47.6454587,-122.1272315,-285.0713,-835.9679,0,0
w344956350,footway35,highway,footway,walkway,2,47.6447964,-122.1272257,-309.3611,-766.3661,0,0
w344956352,footway36,highway,footway,walkway,2,47.6448317,-122.1272986,-302.9333,-768.2741,0,0
w344956354,footway37,highway,footway,walkway,2,47.6441337,-122.1269676,-351.5058,-702.9805,0,0
w344956356,footway38,highway,footway,walkway,2,47.6451189,-122.1274938,-278.7749,-793.6752,0,0
w377227169,footway39,highway,footway,walkway,2,47.6449776,-122.1266237,-345.3972,-800.3858,0,0
w377227171,footway40,highway,footway,walkway,6,47.6435695,-122.1320711,-10.9480,-516.8829,0,0
w377227178,path03,highway,path,walkway,9,47.6437624,-122.1319755,-10.7592,-539.5640,0,0
w377227181,footway41,highway,footway,walkway,4,47.6426674,-122.1320829,-42.6358,-421.5835,0,0
w377227193,footway42,highway,footway,walkway,9,47.6459340,-122.1275892,-242.6414,-877.1483,0,0
w377367735,footway43,highway,footway,walkway,12,47.6459034,-122.1294811,-109.9583,-826.9703,0,0
w377367739,path04,highway,path,walkway,8,47.6458551,-122.1308888,-12.1529,-786.9372,0,0
w377367741,path05,highway,path,walkway,9,47.6456751,-122.1309986,-10.8804,-765.2504,0,0
w380114406,footway44,highway,footway,walkway,2,47.6448460,-122.1257438,-412.3646,-808.3677,0,0
w380114449,footway45,highway,footway,walkway,2,47.6450097,-122.1273523,-292.7200,-785.6820,0,0
w380133856,footway46,highway,footway,walkway,2,47.6449004,-122.1257768,-408.0714,-813.2842,0,0
w390331867,steps01,highway,steps,walkway,2,47.6426864,-122.1297251,-208.6867,-482.1150,0,0
w390331868,footway47,highway,footway,walkway,7,47.6430075,-122.1295800,-207.3734,-519.5252,0,0
w398261753,footway48,highway,footway,walkway,2,47.6433430,-122.1307086,-115.4648,-526.8519,0,0
w403668180,footway49,highway,footway,walkway,2,47.6432357,-122.1297443,-187.5227,-539.4815,0,0
w403895394,footway50,highway,footway,walkway,10,47.6425741,-122.1262404,-459.1571,-556.7811,0,0
w403895395,footway51,highway,footway,walkway,3,47.6442729,-122.1267188,-364.0799,-723.8197,0,0
w403895397,footway52,highway,footway,walkway,2,47.6447129,-122.1263491,-374.3663,-779.3277,0,0
w403899325,footway53,highway,footway,walkway,2,47.6447509,-122.1268785,-335.5559,-770.1874,0,0
w407819390,footway54,highway,footway,walkway,2,47.6432713,-122.1278877,-317.5333,-589.3175,0,0
w481091287,footway55,highway,footway,walkway,2,47.6432066,-122.1256442,-478.5129,-638.1918,0,0
w481837887,footway56,highway,footway,walkway,2,47.6433668,-122.1269149,-382.8770,-623.5265,0,0
w481837888,footway57,highway,footway,walkway,3,47.6432364,-122.1267118,-401.9449,-614.8344,0,0
w482082457,footway58,highway,footway,walkway,3,47.6423480,-122.1259096,-490.7009,-541.1843,0,0
w482325709,footway59,highway,footway,walkway,2,47.6440455,-122.1267857,-367.5489,-698.2069,0,0
w482325710,footway60,highway,footway,walkway,2,47.6440453,-122.1271659,-340.6719,-688.7430,0,0
w482325711,footway61,highway,footway,walkway,2,47.6440461,-122.1265256,-385.9204,-704.7264,0,0
w482325712,footway62,highway,footway,walkway,4,47.6441040,-122.1271915,-336.7389,-694.2962,0,0
w482325713,footway63,highway,footway,walkway,3,47.6440459,-122.1267170,-372.3939,-699.9508,0,0
w482325714,footway64,highway,footway,walkway,2,47.6440470,-122.1263920,-395.3302,-708.1415,0,0
w482325715,footway65,highway,footway,walkway,3,47.6447669,-122.1262934,-376.3564,-786.3987,0,0
w482325716,footway66,highway,footway,walkway,2,47.6447134,-122.1265280,-361.6901,-774.9489,0,0
w482325718,footway67,highway,footway,walkway,3,47.6447139,-122.1267188,-348.1801,-770.2636,0,0
w482325719,footway68,highway,footway,walkway,2,47.6447133,-122.1267898,-343.1822,-768.4345,0,0
w482325720,footway69,highway,footway,walkway,2,47.6449875,-122.1268985,-325.6040,-794.6177,0,0
w482325722,footway70,highway,footway,walkway,2,47.6450229,-122.1272612,-298.6827,-789.3440,0,0
w482325723,footway71,highway,footway,walkway,3,47.6449773,-122.1276783,-270.8355,-774.1837,0,0
w482325724,footway72,highway,footway,walkway,3,47.6449651,-122.1285769,-207.7256,-750.5916,0,0
w482325725,footway73,highway,footway,walkway,3,47.6448844,-122.1299466,-113.7795,-708.0906,0,0
w482325726,footway74,highway,footway,walkway,3,47.6449360,-122.1297645,-124.7941,-718.0520,0,0
w482325727,footway75,highway,footway,walkway,2,47.6448618,-122.1300214,-109.3054,-703.8520,0,0
w482325728,footway76,highway,footway,walkway,2,47.6444836,-122.1305648,-84.5142,-650.5332,0,0
w482325729,footway77,highway,footway,walkway,2,47.6449705,-122.1287159,-197.7038,-747.7108,0,0
w482326897,footway78,highway,footway,walkway,2,47.6441468,-122.1272005,-334.5585,-698.5829,0,0
w482327348,footway79,highway,footway,walkway,3,47.6441937,-122.1269662,-349.4392,-709.3333,0,0
w482327349,footway80,highway,footway,walkway,5,47.6448167,-122.1269213,-330.1565,-776.0604,0,0
w482327951,footway81,highway,footway,walkway,3,47.6425199,-122.1267205,-427.1612,-539.1558,0,0
w482327953,footway82,highway,footway,walkway,3,47.6432044,-122.1255584,-484.6655,-640.0920,0,0
w482514014,footway83,highway,footway,walkway,3,47.6438828,-122.1261859,-415.8313,-695.9650,0,0
w482520831,footway84,highway,footway,walkway,4,47.6441044,-122.1263729,-394.6168,-714.6508,0,0
w482520832,footway85,highway,footway,walkway,7,47.6441216,-122.1262580,-402.1198,-719.3162,0,0
w483101611,steps02,highway,steps,walkway,2,47.6425652,-122.1260851,-470.4594,-559.6985,0,0
w483101615,steps03,highway,steps,walkway,2,47.6429209,-122.1263944,-435.7627,-589.4814,0,0
w483101617,footway86,highway,footway,walkway,2,47.6426939,-122.1263662,-445.9393,-566.2801,0,0
w483109103,footway87,highway,footway,walkway,2,47.6431953,-122.1263915,-426.0763,-618.4584,0,0
w483109107,footway88,highway,footway,walkway,2,47.6432092,-122.1257475,-471.1178,-635.9027,0,0
w483272257,footway89,highway,footway,walkway,2,47.6431755,-122.1263905,-426.8592,-616.3914,0,0
w483272259,steps04,highway,steps,walkway,2,47.6430520,-122.1264300,-428.5203,-602.4110,0,0
w483272260,footway90,highway,footway,walkway,2,47.6431068,-122.1264294,-426.5834,-608.1960,0,0
w483272261,steps05,highway,steps,walkway,2,47.6431637,-122.1264288,-424.5779,-614.2045,0,0
w483272262,footway91,highway,footway,walkway,3,47.6431778,-122.1264160,-424.9777,-616.0063,0,0
w483272263,footway92,highway,footway,walkway,4,47.6429259,-122.1264203,-433.7544,-589.3722,0,0
w483284218,footway93,highway,footway,walkway,3,47.6446729,-122.1258072,-414.1227,-788.5740,0,0
w483284219,footway94,highway,footway,walkway,8,47.6445705,-122.1259362,-408.6940,-774.5798,0,0
w483284226,footway95,highway,footway,walkway,2,47.6440472,-122.1263499,-398.3002,-709.2076,0,0
w483284227,steps06,highway,steps,walkway,2,47.6441210,-122.1260597,-416.1610,-724.1834,0,0
w483284228,footway96,highway,footway,walkway,2,47.6440848,-122.1259409,-425.8743,-723.3224,0,0
w483284229,steps07,highway,steps,walkway,2,47.6441697,-122.1260237,-416.9563,-730.2018,0,0
w483284230,footway97,highway,footway,walkway,3,47.6442907,-122.1260408,-411.3845,-742.5205,0,0
w483284231,footway98,highway,footway,walkway,2,47.6441417,-122.1260245,-417.9057,-727.2319,0,0
w483284232,footway99,highway,footway,walkway,2,47.6440494,-122.1260771,-417.5192,-716.2016,0,0
w483284233,steps08,highway,steps,walkway,2,47.6439653,-122.1261298,-416.8211,-706.0352,0,0
w483284234,footway100,highway,footway,walkway,2,47.6440483,-122.1262237,-407.1937,-712.4533,0,0
w483284235,footway101,highway,footway,walkway,2,47.6441339,-122.1261147,-411.8084,-724.1715,0,0
w483284236,footway102,highway,footway,walkway,2,47.6439692,-122.1261078,-418.2380,-706.9986,0,0
w483284237,footway103,highway,footway,walkway,2,47.6433816,-122.1263199,-424.4280,-639.8518,0,0
w484583958,footway104,highway,footway,walkway,2,47.6425754,-122.1256927,-497.8387,-570.5183,0,0
w484591991,footway105,highway,footway,walkway,2,47.6429126,-122.1274966,-358.1246,-561.2438,0,0
w484591992,footway106,highway,footway,walkway,2,47.6428011,-122.1276574,-350.7717,-545.5150,0,0
w484594973,footway107,highway,footway,walkway,2,47.6442720,-122.1268559,-354.4167,-720.3117,0,0
w484594974,footway108,highway,footway,walkway,2,47.6442732,-122.1263632,-389.2150,-732.6682,0,0
w484594975,steps09,highway,steps,walkway,2,47.6434788,-122.1275040,-337.1874,-620.7013,0,0
w484594976,footway109,highway,footway,walkway,4,47.6427415,-122.1285134,-292.3880,-517.9842,0,0
w484594978,steps10,highway,steps,walkway,2,47.6428066,-122.1284969,-291.2077,-525.2557,0,0
w484594979,steps11,highway,steps,walkway,2,47.6426197,-122.1285295,-295.6444,-504.7643,0,0
w484597741,footway110,highway,footway,walkway,3,47.6429781,-122.1265201,-424.8186,-592.3838,0,0
w484597742,footway111,highway,footway,walkway,2,47.6430220,-122.1264307,-429.5524,-599.2342,0,0
w484598874,footway112,highway,footway,walkway,6,47.6431494,-122.1264611,-422.8100,-611.8911,0,0
w484598875,footway113,highway,footway,walkway,2,47.6432370,-122.1268498,-392.1622,-611.4673,0,0
w484615206,footway114,highway,footway,walkway,2,47.6449782,-122.1267869,-333.8330,-796.4032,0,0
w484615207,footway115,highway,footway,walkway,4,47.6449839,-122.1268485,-329.2758,-795.4790,0,0
w484615208,footway116,highway,footway,walkway,2,47.6448203,-122.1286652,-206.7062,-733.1458,0,0
w484615209,footway117,highway,footway,walkway,3,47.6448987,-122.1283692,-224.8084,-748.7509,0,0
w484620731,steps12,highway,steps,walkway,2,47.6444548,-122.1281343,-257.4250,-707.8367,0,0
w484789974,footway118,highway,footway,walkway,2,47.6440575,-122.1279693,-283.4173,-670.0907,0,0
w484789975,steps13,highway,steps,walkway,2,47.6441248,-122.1279697,-280.9626,-677.1685,0,0
w484789976,footway119,highway,footway,walkway,8,47.6442823,-122.1280421,-270.1661,-691.9561,0,0
w484789977,footway120,highway,footway,walkway,4,47.6444523,-122.1306867,-77.0233,-644.2143,0,0
w484991925,service37,highway,service,driveway,6,47.6446761,-122.1287807,-203.7375,-715.0923,0,0
w484991928,footway121,highway,footway,walkway,2,47.6443838,-122.1288419,-209.9465,-682.7948,0,0
w485216433,steps14,highway,steps,walkway,2,47.6450370,-122.1266098,-344.2403,-806.9931,0,0
w485216436,service38,highway,service,driveway,3,47.6443434,-122.1287319,-219.1841,-681.2714,0,0
w485216440,footway122,highway,footway,walkway,4,47.6440934,-122.1280828,-274.0985,-671.0548,0,0
w485381405,steps15,highway,steps,walkway,2,47.6438810,-122.1290929,-210.3265,-623.6185,0,0
w485386190,footway123,highway,footway,walkway,3,47.6436038,-122.1293038,-205.4015,-589.1862,0,0
w485387526,footway124,highway,footway,walkway,3,47.6440405,-122.1286799,-233.7797,-650.6614,0,0
w485388234,steps16,highway,steps,walkway,2,47.6437158,-122.1300553,-148.2207,-582.3234,0,0
w485389862,steps17,highway,steps,walkway,2,47.6423985,-122.1256609,-506.4761,-552.6694,0,0
w485389863,footway125,highway,footway,walkway,5,47.6423638,-122.1255286,-517.0739,-552.3041,0,0
w485392160,service39,highway,service,driveway,2,47.6424708,-122.1260436,-476.7958,-550.7921,0,0
w485394341,footway126,highway,footway,walkway,2,47.6453784,-122.1257864,-390.1587,-863.3865,0,0
w485394342,footway127,highway,footway,walkway,2,47.6456889,-122.1258711,-372.9708,-893.9832,0,0
w487845227,footway128,highway,footway,walkway,3,47.6453561,-122.1274491,-273.3803,-819.7682,0,0
w487845228,footway129,highway,footway,walkway,2,47.6454096,-122.1272817,-283.2892,-829.5540,0,0
w487845229,footway130,highway,footway,walkway,2,47.6452235,-122.1272677,-290.9942,-810.2983,0,0
w487845230,footway131,highway,footway,walkway,3,47.6454550,-122.1272692,-282.5434,-834.6441,0,0
w487845231,footway132,highway,footway,walkway,3,47.6457710,-122.1272812,-270.2959,-867.6276,0,0
w487845232,footway133,highway,footway,walkway,2,47.6453563,-122.1275146,-268.7412,-818.1595,0,0
w487845233,footway134,highway,footway,walkway,4,47.6450012,-122.1272882,-297.5575,-786.3891,0,0
w487845833,footway135,highway,footway,walkway,3,47.6452654,-122.1285765,-196.9316,-782.2293,0,0
w487845835,footway136,highway,footway,walkway,2,47.6452640,-122.1284998,-202.4000,-783.9837,0,0
w487845836,footway137,highway,footway,walkway,2,47.6452673,-122.1287319,-185.8733,-778.5659,0,0
w488340772,footway138,highway,footway,walkway,2,47.6445077,-122.1295559,-154.9849,-678.1188,0,0
w488342405,footway139,highway,footway,walkway,2,47.6426303,-122.1297233,-210.8384,-476.2463,0,0
w488342406,footway140,highway,footway,walkway,2,47.6430640,-122.1304925,-140.8055,-502.8332,0,0
w488342407,steps18,highway,steps,walkway,2,47.6431245,-122.1294497,-212.3701,-535.0792,0,0
w488342408,footway141,highway,footway,walkway,2,47.6431240,-122.1294145,-214.8755,-535.9055,0,0
w509314657,footway142,highway,footway,walkway,3,47.6446393,-122.1317828,7.2316,-636.6987,0,0
w622495346,Northeast 36th Street01,highway,residential,slowroad,6,47.6425140,-122.1313273,-101.6066,-424.1818,0,0
w626752088,service40,highway,service,driveway,5,47.6440992,-122.1311110,-59.7460,-596.4947,0,0
w626752089,service41,highway,service,driveway,5,47.6438366,-122.1308569,-87.1797,-575.1501,0,0
w652478584,footway143,highway,footway,walkway,3,47.6443642,-122.1323266,35.7695,-594.2315,0,0
w652478585,footway144,highway,footway,walkway,2,47.6443662,-122.1321066,20.2877,-599.9019,0,0
w685681989,footway145,highway,footway,walkway,2,47.6434118,-122.1283971,-276.4452,-591.4697,0,0
w738003224,159th Avenue Northeast01,highway,residential,slowroad,3,47.6451247,-122.1270761,-308.1025,-804.6580,0,0
w738003225,service42,highway,service,driveway,8,47.6456252,-122.1278822,-233.0549,-837.3493,0,0
w739879114,Northeast 36th Way03,highway,residential,slowroad,9,47.6423570,-122.1247719,-570.8331,-570.3675,0,0
w743150860,footway146,highway,footway,walkway,2,47.6444967,-122.1279091,-271.8413,-717.8341,0,0
w743150861,footway147,highway,footway,walkway,2,47.6442653,-122.1269444,-348.4070,-717.4118,0,0
w743150862,footway148,highway,footway,walkway,3,47.6442002,-122.1271919,-333.2491,-704.4170,0,0
w743150863,footway149,highway,footway,walkway,2,47.6442568,-122.1271996,-330.6651,-710.1872,0,0
w743150864,footway150,highway,footway,walkway,4,47.6445264,-122.1272150,-319.8550,-738.2005,0,0
w743150865,footway151,highway,footway,walkway,2,47.6442730,-122.1266277,-370.5251,-726.0840,0,0
w743150866,footway152,highway,footway,walkway,3,47.6442734,-122.1264525,-382.8923,-730.4783,0,0
w743153341,footway153,highway,footway,walkway,3,47.6447129,-122.1264552,-366.8569,-776.6937,0,0
w743153342,footway154,highway,footway,walkway,2,47.6447251,-122.1263173,-376.1698,-781.4059,0,0
w743153343,footway155,highway,footway,walkway,2,47.6448092,-122.1262702,-376.4702,-791.4268,0,0
w743153344,footway156,highway,footway,walkway,3,47.6446354,-122.1263279,-378.6531,-771.6995,0,0
w743153345,footway157,highway,footway,walkway,2,47.6444929,-122.1263657,-381.1172,-755.7438,0,0
w743153346,footway158,highway,footway,walkway,2,47.6444925,-122.1265492,-368.1570,-751.1533,0,0
w743153347,footway159,highway,footway,walkway,3,47.6444927,-122.1264542,-374.8678,-753.5325,0,0
w743153348,footway160,highway,footway,walkway,2,47.6443827,-122.1265891,-369.2978,-738.6005,0,0
w743153349,footway161,highway,footway,walkway,3,47.6440466,-122.1264527,-391.0564,-706.5843,0,0
w743153350,footway162,highway,footway,walkway,2,47.6440453,-122.1269887,-353.1991,-693.1521,0,0
w743153351,footway163,highway,footway,walkway,3,47.6440451,-122.1270701,-347.4554,-691.1026,0,0
w749947552,footway164,highway,footway,walkway,2,47.6423513,-122.1258378,-495.6575,-543.3154,0,0
w749947558,footway165,highway,footway,walkway,10,47.6423624,-122.1262865,-463.5305,-533.3418,0,0
w749947559,footway166,highway,footway,walkway,3,47.6424180,-122.1256863,-503.9727,-554.1009,0,0
w749947560,footway167,highway,footway,walkway,2,47.6424368,-122.1256900,-503.0302,-555.9899,0,0
w749947561,footway168,highway,footway,walkway,3,47.6424918,-122.1256910,-500.9748,-561.7548,0,0
w749954169,footway169,highway,footway,walkway,2,47.6425811,-122.1258175,-488.8114,-568.0220,0,0
w749954181,footway170,highway,footway,walkway,2,47.6426170,-122.1264075,-445.7967,-557.1522,0,0
w749954182,footway171,highway,footway,walkway,2,47.6425842,-122.1253646,-520.7250,-579.5841,0,0
w749954183,footway172,highway,footway,walkway,3,47.6425704,-122.1259884,-477.1137,-562.6477,0,0
w749954184,footway173,highway,footway,walkway,2,47.6427936,-122.1263936,-440.4108,-576.0894,0,0
w749954185,footway174,highway,footway,walkway,2,47.6429785,-122.1264673,-428.5362,-593.7340,0,0
w749954186,footway175,highway,footway,walkway,2,47.6429780,-122.1264425,-430.3061,-594.3022,0,0
w749954189,footway176,highway,footway,walkway,2,47.6429785,-122.1266385,-416.4225,-589.4936,0,0
w749954190,footway177,highway,footway,walkway,2,47.6429775,-122.1265836,-420.3480,-590.7418,0,0
w749954191,steps19,highway,steps,walkway,2,47.6432163,-122.1263919,-425.2892,-620.6535,0,0
w749954192,footway178,highway,footway,walkway,2,47.6432300,-122.1263919,-424.7934,-622.1016,0,0
w749954193,footway179,highway,footway,walkway,2,47.6432367,-122.1264235,-422.3172,-622.0228,0,0
w749954194,footway180,highway,footway,walkway,2,47.6432365,-122.1264788,-418.4139,-620.6291,0,0
w749954195,footway181,highway,footway,walkway,2,47.6432366,-122.1265845,-410.9410,-618.0118,0,0
w749954196,footway182,highway,footway,walkway,3,47.6432366,-122.1265301,-414.7915,-619.3595,0,0
w749954197,footway183,highway,footway,walkway,2,47.6432412,-122.1265931,-410.1652,-618.2763,0,0
w749954198,footway184,highway,footway,walkway,2,47.6432361,-122.1266491,-406.3854,-616.3597,0,0
w749954199,footway185,highway,footway,walkway,2,47.6432364,-122.1266156,-408.7507,-617.2135,0,0
w749954200,footway186,highway,footway,walkway,2,47.6432581,-122.1265931,-409.5559,-620.0561,0,0
w749954201,steps20,highway,steps,walkway,2,47.6433700,-122.1263193,-424.8834,-638.6373,0,0
w749954202,footway187,highway,footway,walkway,2,47.6434932,-122.1263189,-420.4698,-651.6338,0,0
w749954203,footway188,highway,footway,walkway,3,47.6433131,-122.1265958,-407.3861,-625.7888,0,0
w749954204,footway189,highway,footway,walkway,2,47.6433678,-122.1265977,-405.2772,-631.5015,0,0
w749954205,footway190,highway,footway,walkway,2,47.6433836,-122.1265906,-405.2061,-633.3405,0,0
w756395636,footway191,highway,footway,walkway,2,47.6439767,-122.1263675,-399.6062,-701.3433,0,0
w756395637,footway192,highway,footway,walkway,2,47.6448034,-122.1261335,-386.3461,-794.2092,0,0
w756395638,footway193,highway,footway,walkway,2,47.6448358,-122.1261347,-385.0949,-797.5981,0,0
w756395639,footway194,highway,footway,walkway,2,47.6448436,-122.1260776,-388.8498,-799.8304,0,0
w756395640,footway195,highway,footway,walkway,2,47.6448431,-122.1261639,-382.7650,-797.6474,0,0
w756395641,footway196,highway,footway,walkway,2,47.6448432,-122.1261422,-384.2924,-798.1953,0,0
w756395642,footway197,highway,footway,walkway,2,47.6448434,-122.1261045,-386.9494,-799.1457,0,0
w756395643,footway198,highway,footway,walkway,2,47.6439766,-122.1263246,-402.6347,-702.4004,0,0
w756395644,footway199,highway,footway,walkway,2,47.6439985,-122.1263166,-402.4162,-704.9014,0,0
w756395645,footway200,highway,footway,walkway,2,47.6439702,-122.1263163,-403.4542,-701.9271,0,0
w756395646,footway201,highway,footway,walkway,2,47.6439541,-122.1263162,-404.0434,-700.2406,0,0
w756395647,footway202,highway,footway,walkway,2,47.6440276,-122.1263169,-401.3440,-707.9638,0,0
w756395648,footway203,highway,footway,walkway,2,47.6442511,-122.1269573,-347.9979,-715.5989,0,0
w756403179,footway204,highway,footway,walkway,2,47.6428133,-122.1311048,-106.5451,-461.2318,0,0
w756403180,footway205,highway,footway,walkway,2,47.6428355,-122.1311273,-104.1519,-463.0048,0,0
w756403181,footway206,highway,footway,walkway,2,47.6428500,-122.1311411,-102.6550,-464.1958,0,0
w756403182,footway207,highway,footway,walkway,2,47.6428674,-122.1311292,-102.8691,-466.3237,0,0
w756403183,footway208,highway,footway,walkway,2,47.6429103,-122.1310909,-104.0308,-471.7924,0,0
w756403184,footway209,highway,footway,walkway,2,47.6429572,-122.1309981,-108.9094,-479.0259,0,0
w756403185,footway210,highway,footway,walkway,2,47.6429502,-122.1309586,-111.9515,-479.2680,0,0
w756403186,footway211,highway,footway,walkway,2,47.6428545,-122.1310817,-106.6933,-466.1324,0,0
w756403187,footway212,highway,footway,walkway,2,47.6428270,-122.1310478,-110.0820,-464.0895,0,0
w756403188,footway213,highway,footway,walkway,6,47.6429882,-122.1309787,-109.1577,-482.7741,0,0
w756403189,footway214,highway,footway,walkway,2,47.6426515,-122.1307070,-140.5058,-454.0650,0,0
w756403190,footway215,highway,footway,walkway,3,47.6426469,-122.1306101,-147.5305,-455.9862,0,0
w756403191,footway216,highway,footway,walkway,2,47.6426603,-122.1307302,-138.5586,-454.4079,0,0
w756403192,footway217,highway,footway,walkway,6,47.6426243,-122.1303314,-168.0490,-460.5225,0,0
w756403193,footway218,highway,footway,walkway,2,47.6427336,-122.1307649,-133.4566,-461.2701,0,0
w756403194,footway219,highway,footway,walkway,3,47.6426908,-122.1307272,-137.6669,-457.6950,0,0
w756403195,steps21,highway,steps,walkway,2,47.6427687,-122.1308324,-127.4178,-463.2912,0,0
w756403196,footway220,highway,footway,walkway,2,47.6427921,-122.1308774,-123.3920,-464.6385,0,0
w756403197,footway221,highway,footway,walkway,3,47.6428285,-122.1309442,-117.3546,-466.8174,0,0
w756403198,footway222,highway,footway,walkway,2,47.6428588,-122.1309986,-112.4182,-468.6611,0,0
w756403201,footway223,highway,footway,walkway,4,47.6431899,-122.1304464,-139.5272,-517.2340,0,0
w756403202,footway224,highway,footway,walkway,4,47.6432105,-122.1304942,-135.4016,-518.2190,0,0
w756403203,footway225,highway,footway,walkway,2,47.6431788,-122.1304884,-136.9636,-515.0158,0,0
w756403204,footway226,highway,footway,walkway,2,47.6428540,-122.1304896,-148.5820,-480.7772,0,0
w756403206,footway227,highway,footway,walkway,3,47.6426811,-122.1322972,-26.9908,-417.7090,0,0
w756403207,footway228,highway,footway,walkway,7,47.6429232,-122.1320853,-33.2469,-448.4618,0,0
w756403211,footway229,highway,footway,walkway,2,47.6423698,-122.1321231,-50.5254,-389.2360,0,0
w756403213,footway230,highway,footway,walkway,2,47.6423483,-122.1321083,-52.3471,-387.3509,0,0
w756403215,footway231,highway,footway,walkway,4,47.6423746,-122.1323001,-37.8401,-385.3524,0,0
w757102400,footway232,highway,footway,walkway,2,47.6432709,-122.1269084,-386.8031,-613.5854,0,0
w757102401,footway233,highway,footway,walkway,3,47.6433137,-122.1269119,-385.0054,-618.0074,0,0
w757102402,footway234,highway,footway,walkway,2,47.6432496,-122.1269073,-387.6471,-611.3630,0,0
w757102403,footway235,highway,footway,walkway,2,47.6432367,-122.1267791,-397.1743,-613.1972,0,0
w757102404,footway236,highway,footway,walkway,2,47.6433835,-122.1268540,-386.5886,-626.7877,0,0
w757102405,footway237,highway,footway,walkway,3,47.6433839,-122.1267170,-396.2568,-630.2384,0,0
w757102406,footway238,highway,footway,walkway,2,47.6433839,-122.1266513,-400.9100,-631.8678,0,0
w757102407,footway239,highway,footway,walkway,2,47.6433837,-122.1267810,-391.7400,-628.6313,0,0
w757102408,footway240,highway,footway,walkway,2,47.6433837,-122.1266180,-403.2685,-632.6721,0,0
w757102409,footway241,highway,footway,walkway,3,47.6433839,-122.1264518,-415.0165,-636.8195,0,0
w757102410,footway242,highway,footway,walkway,2,47.6433843,-122.1263866,-419.6139,-638.4805,0,0
w757102411,footway243,highway,footway,walkway,2,47.6433837,-122.1265123,-410.7396,-635.2946,0,0
w757102412,footway244,highway,footway,walkway,2,47.6433846,-122.1263470,-422.3999,-639.4938,0,0
w757102413,footway245,highway,footway,walkway,2,47.6433566,-122.1263189,-425.3966,-637.2425,0,0
w757102414,footway246,highway,footway,walkway,3,47.6433165,-122.1263191,-426.8282,-633.0144,0,0
w757102415,footway247,highway,footway,walkway,2,47.6432767,-122.1263194,-428.2384,-628.8142,0,0
w757102416,footway248,highway,footway,walkway,2,47.6432109,-122.1257068,-473.9400,-637.0880,0,0
w757102418,footway249,highway,footway,walkway,2,47.6431760,-122.1257475,-472.3130,-632.4115,0,0
w757102419,steps22,highway,steps,walkway,2,47.6431934,-122.1257475,-471.6857,-634.2440,0,0
w760652433,footway250,highway,footway,walkway,2,47.6426121,-122.1274399,-372.9648,-531.0146,0,0
w760652434,footway251,highway,footway,walkway,3,47.6426010,-122.1274762,-370.8033,-528.9366,0,0
w760652435,footway252,highway,footway,walkway,2,47.6426091,-122.1275043,-368.5224,-529.1014,0,0
w760652436,footway253,highway,footway,walkway,2,47.6426000,-122.1274466,-372.9272,-529.5740,0,0
w760652437,footway254,highway,footway,walkway,2,47.6426223,-122.1275038,-368.0783,-530.4909,0,0
w760652438,footway255,highway,footway,walkway,2,47.6427538,-122.1271939,-385.2519,-552.0441,0,0
w760652439,footway256,highway,footway,walkway,2,47.6427572,-122.1271733,-386.5879,-552.9083,0,0
w760652440,footway257,highway,footway,walkway,3,47.6427753,-122.1271686,-386.2712,-554.9285,0,0
w760652441,footway258,highway,footway,walkway,8,47.6430180,-122.1270202,-388.0138,-584.1800,0,0
w760652442,footway259,highway,footway,walkway,2,47.6428850,-122.1273899,-366.6667,-560.9922,0,0
w760652443,footway260,highway,footway,walkway,2,47.6427983,-122.1271962,-383.4832,-556.6671,0,0
w760652444,footway261,highway,footway,walkway,2,47.6427936,-122.1271757,-385.1058,-556.6822,0,0
w760652445,footway262,highway,footway,walkway,2,47.6429033,-122.1273962,-365.5614,-562.7631,0,0
w760652446,footway263,highway,footway,walkway,5,47.6428203,-122.1275036,-360.9556,-551.3501,0,0
w760652447,footway264,highway,footway,walkway,3,47.6426764,-122.1275543,-362.5596,-534.9379,0,0
w760670227,footway265,highway,footway,walkway,3,47.6440814,-122.1323131,24.6176,-564.7800,0,0
w760670288,footway266,highway,footway,walkway,2,47.6427355,-122.1276403,-354.3479,-539.0255,0,0
w760670289,footway267,highway,footway,walkway,5,47.6428852,-122.1276894,-345.4802,-553.5766,0,0
w760670290,footway268,highway,footway,walkway,7,47.6428876,-122.1276258,-349.8881,-555.4144,0,0
w760670291,footway269,highway,footway,walkway,4,47.6429197,-122.1277054,-343.0996,-556.8133,0,0
w760670292,footway270,highway,footway,walkway,8,47.6431376,-122.1272652,-366.3764,-590.6853,0,0
w760670293,footway271,highway,footway,walkway,2,47.6430055,-122.1278330,-330.9829,-562.6761,0,0
w760670294,footway272,highway,footway,walkway,2,47.6430897,-122.1285594,-276.5775,-553.5177,0,0
w760670295,footway273,highway,footway,walkway,2,47.6431056,-122.1285349,-277.7385,-555.8069,0,0
w760670296,footway274,highway,footway,walkway,2,47.6431479,-122.1285597,-274.4562,-559.6449,0,0
w760670297,footway275,highway,footway,walkway,3,47.6431705,-122.1285002,-277.8519,-563.4971,0,0
w760670298,footway276,highway,footway,walkway,2,47.6432590,-122.1283846,-282.8364,-575.6931,0,0
w760670299,footway277,highway,footway,walkway,2,47.6432900,-122.1284022,-280.4741,-578.5210,0,0
w760670300,footway278,highway,footway,walkway,2,47.6432898,-122.1283429,-284.6766,-579.9666,0,0
w760670301,footway279,highway,footway,walkway,2,47.6433176,-122.1282185,-292.4678,-585.9811,0,0
w760670302,footway280,highway,footway,walkway,2,47.6432595,-122.1281743,-297.6934,-580.9672,0,0
w760670303,footway281,highway,footway,walkway,2,47.6434024,-122.1281737,-292.5802,-596.0303,0,0
w760670304,footway282,highway,footway,walkway,2,47.6433739,-122.1281308,-296.6432,-594.0885,0,0
w760670305,footway283,highway,footway,walkway,2,47.6434144,-122.1282164,-289.1315,-596.2354,0,0
w760670306,footway284,highway,footway,walkway,3,47.6434232,-122.1281096,-296.3649,-599.8068,0,0
w760670307,footway285,highway,footway,walkway,2,47.6435156,-122.1280002,-300.7681,-612.2469,0,0
w760670308,footway286,highway,footway,walkway,3,47.6435119,-122.1279686,-303.1391,-612.6447,0,0
w760670309,footway287,highway,footway,walkway,2,47.6435217,-122.1280713,-295.5220,-611.1310,0,0
w760670310,footway288,highway,footway,walkway,2,47.6435050,-122.1280347,-298.7106,-610.2742,0,0
w760670311,footway289,highway,footway,walkway,2,47.6434335,-122.1280207,-302.2785,-603.0917,0,0
w760670312,footway290,highway,footway,walkway,2,47.6433528,-122.1279726,-308.5965,-595.7892,0,0
w760670313,footway291,highway,footway,walkway,2,47.6431163,-122.1279635,-317.7632,-571.1186,0,0
w760670314,footway292,highway,footway,walkway,2,47.6431978,-122.1279737,-314.0964,-579.4461,0,0
w760670315,footway293,highway,footway,walkway,2,47.6431232,-122.1280822,-309.1187,-568.8924,0,0
w760670316,footway294,highway,footway,walkway,2,47.6431345,-122.1285347,-276.7107,-558.8555,0,0
w760670317,footway295,highway,footway,walkway,2,47.6430845,-122.1284337,-285.6593,-556.0863,0,0
w760670318,footway296,highway,footway,walkway,2,47.6431517,-122.1284323,-283.3337,-563.2035,0,0
w760670319,footway297,highway,footway,walkway,2,47.6431216,-122.1284839,-280.7735,-558.7539,0,0
w760670320,footway298,highway,footway,walkway,2,47.6430649,-122.1281913,-303.5074,-560.0509,0,0
w760670321,footway299,highway,footway,walkway,3,47.6430209,-122.1283538,-293.5996,-551.3725,0,0
w760670322,footway300,highway,footway,walkway,2,47.6431222,-122.1283115,-292.9432,-563.0965,0,0
w760670323,footway301,highway,footway,walkway,2,47.6431762,-122.1280521,-309.3346,-575.2265,0,0
w760670324,footway302,highway,footway,walkway,2,47.6432285,-122.1283446,-286.7700,-573.4698,0,0
w760670325,footway303,highway,footway,walkway,3,47.6432128,-122.1284134,-282.4709,-570.1047,0,0
w760670326,footway304,highway,footway,walkway,3,47.6430684,-122.1285016,-281.4387,-552.7114,0,0
w760670327,footway305,highway,footway,walkway,2,47.6430016,-122.1281921,-305.7295,-553.3516,0,0
w760670328,footway306,highway,footway,walkway,2,47.6430575,-122.1279539,-320.5638,-565.1591,0,0
w760670329,footway307,highway,footway,walkway,2,47.6431090,-122.1278769,-324.1486,-572.4930,0,0
w760670330,footway308,highway,footway,walkway,2,47.6430571,-122.1278764,-326.0552,-567.0395,0,0
w760670331,footway309,highway,footway,walkway,2,47.6430067,-122.1280738,-313.9095,-556.8304,0,0
w760670332,footway310,highway,footway,walkway,3,47.6429609,-122.1277350,-339.5240,-560.4146,0,0
w760670333,footway311,highway,footway,walkway,2,47.6430281,-122.1278005,-332.4681,-565.8694,0,0
w760670334,footway312,highway,footway,walkway,2,47.6431899,-122.1278018,-326.5426,-582.8771,0,0
w760670335,footway313,highway,footway,walkway,2,47.6432707,-122.1277926,-324.2782,-591.6202,0,0
w760670336,footway314,highway,footway,walkway,2,47.6434692,-122.1279656,-304.8860,-608.2245,0,0
w760670337,footway315,highway,footway,walkway,2,47.6434692,-122.1280695,-297.5440,-605.6414,0,0
w760670338,footway316,highway,footway,walkway,2,47.6433459,-122.1283834,-279.7900,-584.8695,0,0
w760670339,footway317,highway,footway,walkway,2,47.6434022,-122.1283001,-283.6561,-592.8624,0,0
w760670340,footway318,highway,footway,walkway,2,47.6433463,-122.1283010,-285.6079,-586.9530,0,0
w760670341,footway319,highway,footway,walkway,2,47.6432592,-122.1283028,-288.6102,-577.7434,0,0
w760670342,footway320,highway,footway,walkway,2,47.6432901,-122.1282604,-290.4945,-582.0501,0,0
w760670343,footway321,highway,footway,walkway,2,47.6432286,-122.1282166,-295.8091,-576.6605,0,0
w760670344,footway322,highway,footway,walkway,2,47.6433449,-122.1281747,-294.5790,-589.9487,0,0
w760670345,footway323,highway,footway,walkway,2,47.6433735,-122.1282176,-290.5160,-591.8905,0,0
w760670346,footway324,highway,footway,walkway,2,47.6432869,-122.1281305,-299.8047,-584.9348,0,0
w760670347,footway325,highway,footway,walkway,2,47.6434339,-122.1279099,-310.1029,-605.8854,0,0
w760670348,footway326,highway,footway,walkway,3,47.6434814,-122.1279008,-309.0285,-611.1217,0,0
w760670349,footway327,highway,footway,walkway,3,47.6433797,-122.1278190,-318.4856,-602.4398,0,0
w762100706,footway328,highway,footway,walkway,2,47.6439331,-122.1265853,-385.7781,-691.3399,0,0
w762100707,footway329,highway,footway,walkway,2,47.6433837,-122.1265528,-407.8845,-634.2865,0,0
w762100708,footway330,highway,footway,walkway,2,47.6439137,-122.1263158,-405.5283,-695.9958,0,0
w762100709,footway331,highway,footway,walkway,2,47.6438199,-122.1266255,-387.0078,-678.4232,0,0
w762100710,footway332,highway,footway,walkway,2,47.6438201,-122.1265445,-392.7356,-680.4573,0,0
w762100711,footway333,highway,footway,walkway,2,47.6437107,-122.1265847,-393.8354,-667.9315,0,0
w762100712,footway334,highway,footway,walkway,2,47.6438199,-122.1263580,-405.9278,-685.0644,0,0
w762100713,footway335,highway,footway,walkway,2,47.6438512,-122.1263156,-407.7994,-689.4198,0,0
w762100714,footway336,highway,footway,walkway,12,47.6441596,-122.1276306,-303.6861,-689.2532,0,0
w762100715,footway337,highway,footway,walkway,2,47.6440093,-122.1261301,-415.2188,-710.6694,0,0
w762100716,footway338,highway,footway,walkway,2,47.6440816,-122.1269680,-353.3541,-697.4889,0,0
w762100717,footway339,highway,footway,walkway,2,47.6440461,-122.1266095,-379.9874,-702.6438,0,0
w762100718,footway340,highway,footway,walkway,3,47.6436048,-122.1269476,-371.9903,-647.7723,0,0
w762100719,footway341,highway,footway,walkway,2,47.6440455,-122.1268848,-360.5410,-695.7470,0,0
w762100720,footway342,highway,footway,walkway,2,47.6440461,-122.1266490,-377.1906,-701.6621,0,0
w762100721,footway343,highway,footway,walkway,2,47.6440461,-122.1265642,-383.1908,-703.7683,0,0
w762100722,footway344,highway,footway,walkway,2,47.6436012,-122.1266250,-394.9352,-655.4056,0,0
w762100723,footway345,highway,footway,walkway,2,47.6436013,-122.1265440,-400.6543,-657.4308,0,0
w762100724,footway346,highway,footway,walkway,2,47.6434924,-122.1265841,-401.7413,-644.9654,0,0
w762100725,footway347,highway,footway,walkway,3,47.6436015,-122.1264480,-407.4352,-659.8288,0,0
w762100726,footway348,highway,footway,walkway,2,47.6436016,-122.1263587,-413.7470,-662.0620,0,0
w762100727,footway349,highway,footway,walkway,3,47.6432574,-122.1263539,-426.4957,-625.9257,0,0
w762100728,footway350,highway,footway,walkway,2,47.6447129,-122.1268802,-336.8074,-766.1497,0,0
w762100729,footway351,highway,footway,walkway,2,47.6444923,-122.1266295,-362.4823,-749.1377,0,0
w762100730,footway352,highway,footway,walkway,2,47.6446031,-122.1265909,-361.2171,-761.7648,0,0
w762100731,footway353,highway,footway,walkway,3,47.6444191,-122.1263272,-386.5023,-748.9338,0,0
w762100732,footway354,highway,footway,walkway,10,47.6445498,-122.1262149,-389.7278,-765.4895,0,0
w762100733,footway355,highway,footway,walkway,2,47.6447127,-122.1263909,-371.4176,-778.2690,0,0
w762100734,footway356,highway,footway,walkway,2,47.6447137,-122.1265706,-358.6686,-773.9178,0,0
w762100735,footway357,highway,footway,walkway,3,47.6447587,-122.1269483,-330.3392,-769.2823,0,0
w762100736,footway358,highway,footway,walkway,2,47.6447141,-122.1266529,-352.8343,-771.9170,0,0
w762100737,footway359,highway,footway,walkway,2,47.6447139,-122.1266136,-355.6206,-772.8715,0,0
w762100738,footway360,highway,footway,walkway,2,47.6441210,-122.1260368,-417.7876,-724.7425,0,0
w762100739,footway361,highway,footway,walkway,2,47.6440491,-122.1259402,-427.2092,-719.5735,0,0
w762100740,footway362,highway,footway,walkway,2,47.6440851,-122.1260247,-419.9375,-721.2739,0,0
w762100741,footway363,highway,footway,walkway,2,47.6448456,-122.1258234,-406.7518,-806.3562,0,0
w762100742,footway364,highway,footway,walkway,6,47.6447861,-122.1259954,-396.7309,-795.8214,0,0
w762100743,footway365,highway,footway,walkway,2,47.6447953,-122.1258877,-404.0236,-799.4588,0,0
w762100744,footway366,highway,footway,walkway,4,47.6447070,-122.1258813,-407.6544,-790.3223,0,0
w762100745,footway367,highway,footway,walkway,2,47.6448446,-122.1259683,-396.5394,-802.6476,0,0
w762100747,footway368,highway,footway,walkway,3,47.6446783,-122.1257049,-421.1670,-791.6758,0,0
w762100748,footway369,highway,footway,walkway,2,47.6447649,-122.1257717,-413.3155,-799.1459,0,0
w762100749,footway370,highway,footway,walkway,2,47.6448464,-122.1256872,-416.3544,-809.8213,0,0
w762100750,footway371,highway,footway,walkway,2,47.6448467,-122.1256517,-418.8593,-810.7301,0,0
w762100751,steps23,highway,steps,walkway,2,47.6448469,-122.1256032,-422.2783,-811.9538,0,0
w762100752,footway372,highway,footway,walkway,2,47.6448622,-122.1256609,-417.6410,-812.1369,0,0
w762100753,footway373,highway,footway,walkway,20,47.6448777,-122.1252704,-444.7011,-823.4587,0,0
w762100754,footway374,highway,footway,walkway,3,47.6438202,-122.1264495,-399.4488,-682.8256,0,0
w762100755,footway375,highway,footway,walkway,4,47.6443893,-122.1269525,-343.3547,-730.2726,0,0
w762100756,footway376,highway,footway,walkway,4,47.6448322,-122.1262145,-379.5789,-795.2343,0,0
w762100757,footway377,highway,footway,walkway,4,47.6448823,-122.1264686,-359.8065,-794.2011,0,0
w762100758,footway378,highway,footway,walkway,2,47.6449777,-122.1266531,-343.3145,-799.6783,0,0
w762100759,footway379,highway,footway,walkway,3,47.6449780,-122.1267192,-338.6312,-798.0639,0,0
w762100760,footway380,highway,footway,walkway,3,47.6450081,-122.1269026,-324.5732,-796.6841,0,0
w762100761,footway381,highway,footway,walkway,2,47.6450215,-122.1269543,-320.4376,-796.8093,0,0
w762100762,footway382,highway,footway,walkway,3,47.6450206,-122.1270903,-310.8492,-793.3414,0,0
w762100763,footway383,highway,footway,walkway,2,47.6450225,-122.1269234,-322.5831,-797.6804,0,0
w762100764,footway384,highway,footway,walkway,2,47.6450215,-122.1272391,-300.3013,-789.7411,0,0
w762100765,footway385,highway,footway,walkway,3,47.6447988,-122.1270838,-319.3127,-770.1385,0,0
w762100766,footway386,highway,footway,walkway,2,47.6447930,-122.1269738,-327.2970,-772.2608,0,0
w762100767,footway387,highway,footway,walkway,2,47.6448007,-122.1272051,-310.6593,-767.3290,0,0
w762100768,footway388,highway,footway,walkway,2,47.6447900,-122.1269540,-328.8107,-772.4323,0,0
w762100769,footway389,highway,footway,walkway,2,47.6449745,-122.1269111,-325.1835,-792.9306,0,0
w762100770,footway390,highway,footway,walkway,2,47.6448488,-122.1269065,-330.0497,-779.8039,0,0
w762100771,footway391,highway,footway,walkway,2,47.6448452,-122.1272981,-302.4837,-769.7030,0,0
w762100772,footway392,highway,footway,walkway,2,47.6449642,-122.1273037,-297.7990,-782.1030,0,0
w762100773,footway393,highway,footway,walkway,2,47.6449776,-122.1273131,-296.6494,-783.2744,0,0
w762100774,footway394,highway,footway,walkway,3,47.6449021,-122.1272971,-300.5023,-775.7299,0,0
w762100775,footway395,highway,footway,walkway,4,47.6448126,-122.1272617,-306.2331,-767.1792,0,0
w762100776,footway396,highway,footway,walkway,2,47.6448266,-122.1274637,-291.4455,-763.6400,0,0
w762100777,footway397,highway,footway,walkway,2,47.6450372,-122.1273533,-291.6525,-788.5573,0,0
w762100778,footway398,highway,footway,walkway,2,47.6450302,-122.1272684,-297.9157,-789.9300,0,0
w762100779,footway399,highway,footway,walkway,4,47.6454745,-122.1268993,-307.9936,-845.8849,0,0
w762100780,footway400,highway,footway,walkway,6,47.6453864,-122.1273346,-280.3878,-825.7966,0,0
w762119142,footway401,highway,footway,walkway,2,47.6451712,-122.1276892,-263.0732,-794.3276,0,0
w762119143,footway402,highway,footway,walkway,2,47.6452034,-122.1277180,-259.8722,-797.0026,0,0
w762119144,footway403,highway,footway,walkway,2,47.6451823,-122.1277942,-255.2443,-792.9008,0,0
w762119145,footway404,highway,footway,walkway,2,47.6451463,-122.1277841,-257.2547,-789.3536,0,0
w762119146,footway405,highway,footway,walkway,2,47.6452737,-122.1276180,-264.4091,-806.8885,0,0
w762119147,footway406,highway,footway,walkway,2,47.6452569,-122.1275694,-268.4533,-806.3321,0,0
w762119148,footway407,highway,footway,walkway,6,47.6453337,-122.1275887,-264.3213,-813.9478,0,0
w762119149,footway408,highway,footway,walkway,2,47.6453562,-122.1273838,-277.9980,-821.3970,0,0
w762119150,footway409,highway,footway,walkway,2,47.6452022,-122.1276089,-267.6376,-799.5869,0,0
w762119151,footway410,highway,footway,walkway,2,47.6452305,-122.1276501,-263.6949,-801.5474,0,0
w762119154,footway411,highway,footway,walkway,2,47.6452652,-122.1276574,-261.9311,-805.0219,0,0
w762119155,footway412,highway,footway,walkway,2,47.6452058,-122.1277631,-256.5964,-796.1359,0,0
w762119156,footway413,highway,footway,walkway,10,47.6451202,-122.1279684,-245.1657,-782.0335,0,0
w762119157,footway414,highway,footway,walkway,3,47.6451673,-122.1275588,-272.4322,-797.1625,0,0
w762119158,footway415,highway,footway,walkway,2,47.6451561,-122.1283096,-219.7439,-777.3427,0,0
w762119173,steps24,highway,steps,walkway,2,47.6450373,-122.1273086,-294.8170,-789.6799,0,0
w762119174,footway416,highway,footway,walkway,2,47.6450373,-122.1272827,-296.6449,-790.3216,0,0
w762119177,steps25,highway,steps,walkway,2,47.6450717,-122.1274328,-284.7867,-790.2173,0,0
w762119178,footway417,highway,footway,walkway,2,47.6450429,-122.1273956,-288.4575,-788.1024,0,0
w762119179,footway418,highway,footway,walkway,2,47.6452643,-122.1284389,-206.7029,-785.5295,0,0
w762119180,footway419,highway,footway,walkway,2,47.6452642,-122.1284687,-204.5974,-784.7727,0,0
w762119181,footway420,highway,footway,walkway,2,47.6452669,-122.1286623,-190.8024,-780.2607,0,0
w762119182,footway421,highway,footway,walkway,2,47.6452671,-122.1286903,-188.8205,-779.5827,0,0
w762119183,footway422,highway,footway,walkway,3,47.6452798,-122.1283718,-210.8891,-788.8235,0,0
w762119184,footway423,highway,footway,walkway,3,47.6452987,-122.1282454,-219.1449,-793.9551,0,0
w762119185,footway424,highway,footway,walkway,3,47.6452084,-122.1283699,-213.5906,-781.3566,0,0
w762119186,footway425,highway,footway,walkway,2,47.6453042,-122.1282214,-220.6432,-795.1240,0,0
w762119187,footway426,highway,footway,walkway,2,47.6453711,-122.1282402,-216.9000,-801.7081,0,0
w762124550,footway427,highway,footway,walkway,2,47.6450750,-122.1282559,-226.4671,-770.1294,0,0
w762124551,footway428,highway,footway,walkway,4,47.6450998,-122.1282745,-224.2558,-772.2848,0,0
w762124552,footway429,highway,footway,walkway,2,47.6450054,-122.1283964,-219.0374,-759.3106,0,0
w762124553,footway430,highway,footway,walkway,2,47.6449889,-122.1284001,-219.3742,-757.4823,0,0
w762124554,footway431,highway,footway,walkway,2,47.6449607,-122.1283685,-222.6237,-755.3021,0,0
w762124555,footway432,highway,footway,walkway,2,47.6449760,-122.1284380,-217.1591,-755.1948,0,0
w762124556,footway433,highway,footway,walkway,2,47.6449839,-122.1284130,-218.6386,-756.6461,0,0
w762124557,footway434,highway,footway,walkway,2,47.6449784,-122.1283840,-220.8859,-756.7802,0,0
w762124558,footway435,highway,footway,walkway,3,47.6450426,-122.1283258,-222.6928,-764.9882,0,0
w762124559,footway436,highway,footway,walkway,6,47.6449685,-122.1292892,-157.2311,-733.2721,0,0
w762124560,footway437,highway,footway,walkway,10,47.6450891,-122.1286599,-197.3843,-761.5924,0,0
w762124561,footway438,highway,footway,walkway,2,47.6452669,-122.1286455,-191.9957,-780.6737,0,0
w762124562,footway439,highway,footway,walkway,2,47.6448386,-122.1283681,-227.0560,-742.4478,0,0
w762124563,footway440,highway,footway,walkway,3,47.6446775,-122.1284918,-224.1149,-722.4163,0,0
w762124564,footway441,highway,footway,walkway,2,47.6448204,-122.1284597,-221.2310,-738.2679,0,0
w762124565,footway442,highway,footway,walkway,3,47.6448241,-122.1284064,-224.8709,-739.9761,0,0
w762124566,footway443,highway,footway,walkway,4,47.6447791,-122.1284728,-221.7990,-733.5833,0,0
w762124568,service43,highway,service,driveway,4,47.6446198,-122.1285678,-220.8191,-714.4524,0,0
w762124570,footway444,highway,footway,walkway,3,47.6448231,-122.1285677,-213.4970,-735.8618,0,0
w762124571,footway445,highway,footway,walkway,10,47.6447644,-122.1286587,-209.1798,-727.4289,0,0
w762124572,footway446,highway,footway,walkway,17,47.6443649,-122.1276416,-295.5103,-710.6026,0,0
w762124573,footway447,highway,footway,walkway,3,47.6444675,-122.1280131,-265.5378,-712.1827,0,0
w762124574,footway448,highway,footway,walkway,2,47.6440954,-122.1279697,-282.0226,-674.0722,0,0
w762124575,footway449,highway,footway,walkway,2,47.6441544,-122.1279701,-279.8706,-680.2771,0,0
w762124576,footway450,highway,footway,walkway,3,47.6444378,-122.1280044,-267.2203,-709.2734,0,0
w762124577,footway451,highway,footway,walkway,2,47.6444191,-122.1280510,-264.6027,-706.1446,0,0
w762124578,footway452,highway,footway,walkway,2,47.6444208,-122.1280994,-261.1206,-705.1170,0,0
w762124579,footway453,highway,footway,walkway,2,47.6444307,-122.1281344,-258.2886,-705.2908,0,0
w762124580,footway454,highway,footway,walkway,3,47.6444955,-122.1282185,-249.9998,-710.0356,0,0
w762130665,footway455,highway,footway,walkway,9,47.6442624,-122.1298531,-142.8174,-644.9070,0,0
w762130666,footway456,highway,footway,walkway,2,47.6442792,-122.1296786,-154.5482,-651.0033,0,0
w762130667,footway457,highway,footway,walkway,2,47.6445314,-122.1300626,-118.3042,-668.0332,0,0
w762130668,steps26,highway,steps,walkway,2,47.6445674,-122.1301121,-113.5093,-670.5971,0,0
w762130669,footway458,highway,footway,walkway,2,47.6446193,-122.1301835,-106.5855,-674.2893,0,0
w762130670,footway459,highway,footway,walkway,3,47.6446575,-122.1302394,-101.2570,-676.9274,0,0
w762130671,footway460,highway,footway,walkway,2,47.6446976,-122.1302990,-95.5877,-679.6778,0,0
w762130672,footway461,highway,footway,walkway,2,47.6446093,-122.1301696,-107.9325,-673.5825,0,0
w762130673,footway462,highway,footway,walkway,5,47.6445961,-122.1304618,-87.7414,-664.9437,0,0
w762130674,footway463,highway,footway,walkway,2,47.6447562,-122.1298740,-123.5309,-696.3936,0,0
w762130675,footway464,highway,footway,walkway,5,47.6448157,-122.1294449,-151.7318,-713.3166,0,0
w762130676,footway465,highway,footway,walkway,9,47.6443965,-122.1296470,-152.5574,-664.1497,0,0
w762130677,steps27,highway,steps,walkway,2,47.6442544,-122.1296422,-158.0182,-649.3016,0,0
w762130678,footway466,highway,footway,walkway,2,47.6442306,-122.1296071,-161.3548,-647.6651,0,0
w762130679,footway467,highway,footway,walkway,2,47.6442196,-122.1300163,-132.8163,-636.3558,0,0
w762130680,footway468,highway,footway,walkway,2,47.6442498,-122.1300106,-132.1342,-639.6672,0,0
w762130681,footway469,highway,footway,walkway,3,47.6445077,-122.1307873,-67.9081,-647.5492,0,0
w762130682,footway470,highway,footway,walkway,2,47.6450176,-122.1307728,-50.5561,-701.6096,0,0
w762130683,footway471,highway,footway,walkway,2,47.6450069,-122.1305005,-70.1923,-707.2460,0,0
w762130684,footway472,highway,footway,walkway,4,47.6448963,-122.1306628,-62.7028,-691.5635,0,0
w762130685,footway473,highway,footway,walkway,2,47.6449173,-122.1306188,-65.0554,-694.8667,0,0
w762130686,footway474,highway,footway,walkway,3,47.6448802,-122.1305627,-70.3595,-692.3578,0,0
w762130687,footway475,highway,footway,walkway,2,47.6447816,-122.1304200,-84.0114,-685.5179,0,0
w762130688,footway476,highway,footway,walkway,2,47.6448755,-122.1307539,-57.0105,-687.1175,0,0
w762130689,footway477,highway,footway,walkway,2,47.6448355,-122.1307533,-58.4933,-682.9251,0,0
w762130690,footway478,highway,footway,walkway,2,47.6448355,-122.1308139,-54.2079,-681.4208,0,0
w762130691,footway479,highway,footway,walkway,2,47.6450466,-122.1305028,-68.5930,-711.3739,0,0
w762130692,footway480,highway,footway,walkway,2,47.6450153,-122.1304061,-76.5633,-710.4674,0,0
w762130693,footway481,highway,footway,walkway,2,47.6449843,-122.1304065,-77.6562,-707.1939,0,0
w762130694,footway482,highway,footway,walkway,2,47.6450346,-122.1304060,-75.8763,-712.5089,0,0
w762130699,footway483,highway,footway,walkway,2,47.6447701,-122.1307195,-63.2467,-676.8725,0,0
w762130700,footway484,highway,footway,walkway,2,47.6447705,-122.1307645,-60.0519,-675.7923,0,0
w762130701,footway485,highway,footway,walkway,2,47.6447709,-122.1307945,-57.9125,-675.0885,0,0
w762130702,footway486,highway,footway,walkway,3,47.6448695,-122.1296685,-133.9804,-713.4237,0,0
w762130703,footway487,highway,footway,walkway,2,47.6449092,-122.1298728,-118.1048,-712.5325,0,0
w762130704,footway488,highway,footway,walkway,5,47.6447982,-122.1301654,-101.4122,-693.5843,0,0
w762130705,footway489,highway,footway,walkway,2,47.6449906,-122.1302331,-89.6911,-712.1734,0,0
w762130706,footway490,highway,footway,walkway,3,47.6450745,-122.1302244,-87.2761,-721.2215,0,0
w762130707,footway491,highway,footway,walkway,2,47.6450466,-122.1303194,-81.5658,-715.9276,0,0
w762130708,steps28,highway,steps,walkway,2,47.6450212,-122.1302329,-88.5985,-715.3998,0,0
w762130709,footway492,highway,footway,walkway,2,47.6450361,-122.1302329,-88.0613,-716.9690,0,0
w762130710,footway493,highway,footway,walkway,2,47.6447833,-122.1308135,-56.1165,-675.9268,0,0
w762130711,footway494,highway,footway,walkway,3,47.6450737,-122.1305698,-62.8798,-712.5635,0,0
w762130712,footway495,highway,footway,walkway,2,47.6450069,-122.1305612,-65.8982,-705.7327,0,0
w762130713,footway496,highway,footway,walkway,3,47.6450348,-122.1306787,-56.5826,-705.7601,0,0
w762130714,footway497,highway,footway,walkway,3,47.6448801,-122.1308534,-49.8096,-685.1365,0,0
w762130715,footway498,highway,footway,walkway,2,47.6446540,-122.1307309,-66.6211,-664.3664,0,0
w762130716,footway499,highway,footway,walkway,4,47.6446461,-122.1308469,-58.7056,-660.6471,0,0
w762130717,footway500,highway,footway,walkway,2,47.6445842,-122.1308149,-63.2029,-654.9263,0,0
w762130718,footway501,highway,footway,walkway,2,47.6446541,-122.1307996,-61.7612,-662.6664,0,0
w762130719,steps29,highway,steps,walkway,2,47.6446542,-122.1307783,-63.2603,-663.2044,0,0
w762130720,footway502,highway,footway,walkway,3,47.6450042,-122.1297616,-122.5438,-725.3038,0,0
w762130721,footway503,highway,footway,walkway,3,47.6444246,-122.1305944,-84.5452,-643.5937,0,0
w762130722,footway504,highway,footway,walkway,6,47.6441288,-122.1304743,-103.7029,-615.4148,0,0
w762130723,footway505,highway,footway,walkway,5,47.6443364,-122.1306389,-84.5838,-633.1936,0,0
w762130724,footway506,highway,footway,walkway,2,47.6445011,-122.1307154,-73.2352,-648.6445,0,0
w762130725,footway507,highway,footway,walkway,3,47.6443879,-122.1306473,-82.1299,-638.4085,0,0
w762130726,footway508,highway,footway,walkway,5,47.6445092,-122.1302739,-104.1592,-660.4550,0,0
w762367008,footway509,highway,footway,walkway,2,47.6442852,-122.1306524,-85.4690,-627.4748,0,0
w762367009,footway510,highway,footway,walkway,2,47.6440872,-122.1321581,13.8652,-569.2366,0,0
w762367010,footway511,highway,footway,walkway,2,47.6440881,-122.1321295,11.8734,-570.0478,0,0
w762367011,footway512,highway,footway,walkway,2,47.6442251,-122.1320889,13.9453,-585.4825,0,0
w762367012,footway513,highway,footway,walkway,2,47.6426364,-122.1307786,-135.9941,-450.6882,0,0
w762367013,footway514,highway,footway,walkway,3,47.6426547,-122.1307628,-136.4486,-453.0086,0,0
w762367014,footway515,highway,footway,walkway,3,47.6426418,-122.1309346,-124.7672,-447.3863,0,0
w762367015,footway516,highway,footway,walkway,2,47.6426169,-122.1307692,-137.3601,-448.8731,0,0
w762367016,footway517,highway,footway,walkway,6,47.6428892,-122.1298496,-192.5768,-500.3767,0,0
w762367017,footway518,highway,footway,walkway,2,47.6428806,-122.1300163,-181.0944,-495.3336,0,0
w762367018,footway519,highway,footway,walkway,6,47.6429826,-122.1299898,-179.2926,-506.7322,0,0
w762367019,footway520,highway,footway,walkway,2,47.6431241,-122.1299640,-176.0102,-522.2748,0,0
w762367020,footway521,highway,footway,walkway,3,47.6430834,-122.1299850,-175.9972,-517.4728,0,0
w762367021,footway522,highway,footway,walkway,2,47.6429312,-122.1296122,-207.8462,-510.6934,0,0
w762367022,footway523,highway,footway,walkway,3,47.6429052,-122.1296738,-204.4288,-506.4226,0,0
w762367023,footway524,highway,footway,walkway,11,47.6427932,-122.1296266,-211.8060,-495.7991,0,0
w762367024,footway525,highway,footway,walkway,5,47.6431536,-122.1298816,-180.7742,-527.4320,0,0
w762367025,footway526,highway,footway,walkway,2,47.6431252,-122.1295170,-207.5839,-533.4876,0,0
w762367026,footway527,highway,footway,walkway,2,47.6431233,-122.1293601,-218.7512,-537.1834,0,0
w762367027,footway528,highway,footway,walkway,2,47.6431797,-122.1293984,-214.0058,-542.1712,0,0
w762367028,footway529,highway,footway,walkway,2,47.6432438,-122.1300897,-162.8091,-531.7621,0,0
w762367029,footway530,highway,footway,walkway,2,47.6432286,-122.1301080,-162.0612,-529.7123,0,0
w762367030,footway531,highway,footway,walkway,4,47.6431719,-122.1300512,-168.1239,-525.1515,0,0
w762367031,steps30,highway,steps,walkway,2,47.6432625,-122.1300901,-162.1084,-533.7163,0,0
w762367032,footway532,highway,footway,walkway,2,47.6433392,-122.1300261,-163.8617,-543.3919,0,0
w762367033,footway533,highway,footway,walkway,3,47.6432791,-122.1300689,-163.0108,-535.9933,0,0
w762367034,footway534,highway,footway,walkway,2,47.6429162,-122.1299573,-183.9866,-500.5486,0,0
w762367035,steps31,highway,steps,walkway,2,47.6429026,-122.1299798,-182.8859,-498.5578,0,0
w762367036,footway535,highway,footway,walkway,2,47.6433416,-122.1305183,-128.9761,-531.4177,0,0
w762367037,footway536,highway,footway,walkway,2,47.6433416,-122.1304979,-130.4187,-531.9241,0,0
w762367038,footway537,highway,footway,walkway,3,47.6433422,-122.1306032,-122.9465,-529.3779,0,0
w762367039,footway538,highway,footway,walkway,2,47.6433429,-122.1306880,-116.9305,-527.3487,0,0
w762367040,footway539,highway,footway,walkway,2,47.6432860,-122.1304909,-132.9130,-526.2463,0,0
w762367041,footway540,highway,footway,walkway,6,47.6430279,-122.1307096,-126.7565,-493.6410,0,0
w762367042,footway541,highway,footway,walkway,3,47.6435267,-122.1304926,-124.1157,-551.5539,0,0
w762367043,footway542,highway,footway,walkway,2,47.6434675,-122.1304875,-126.6131,-545.4466,0,0
w762367044,footway543,highway,footway,walkway,4,47.6432262,-122.1303187,-147.2524,-524.2280,0,0
w762367045,footway544,highway,footway,walkway,3,47.6436722,-122.1302729,-134.4085,-572.3316,0,0
w762367046,footway545,highway,footway,walkway,3,47.6436717,-122.1293442,-200.1024,-595.3324,0,0
w762367047,footway546,highway,footway,walkway,3,47.6438554,-122.1271877,-345.9763,-668.2122,0,0
w762367048,footway547,highway,footway,walkway,7,47.6437289,-122.1289440,-226.3412,-611.2907,0,0
w762367049,footway548,highway,footway,walkway,2,47.6438289,-122.1290168,-217.5864,-620.0206,0,0
w762367050,footway549,highway,footway,walkway,6,47.6438300,-122.1289405,-222.9400,-622.0217,0,0
w762367051,footway550,highway,footway,walkway,2,47.6437249,-122.1290240,-220.8287,-608.8838,0,0
w762367052,footway551,highway,footway,walkway,2,47.6438337,-122.1288641,-228.2116,-624.3165,0,0
w762367053,footway552,highway,footway,walkway,7,47.6437809,-122.1288690,-229.7675,-618.6228,0,0
w762367054,footway553,highway,footway,walkway,6,47.6437774,-122.1290190,-219.2906,-614.5334,0,0
w762367055,footway554,highway,footway,walkway,2,47.6436880,-122.1288543,-234.1613,-609.2048,0,0
w762367056,footway555,highway,footway,walkway,2,47.6437209,-122.1288531,-233.0511,-612.7022,0,0
w762367057,footway556,highway,footway,walkway,2,47.6437210,-122.1288033,-236.5691,-613.9489,0,0
w762367058,footway557,highway,footway,walkway,3,47.6436372,-122.1288785,-234.2773,-603.2624,0,0
w762367059,footway558,highway,footway,walkway,2,47.6437354,-122.1286213,-248.9219,-619.9897,0,0
w762367060,footway559,highway,footway,walkway,3,47.6437368,-122.1287277,-241.3503,-617.4951,0,0
w762367061,footway560,highway,footway,walkway,2,47.6436278,-122.1288112,-239.3707,-603.9375,0,0
w762367062,footway561,highway,footway,walkway,3,47.6436792,-122.1287887,-239.1110,-609.9061,0,0
w762367063,footway562,highway,footway,walkway,2,47.6436279,-122.1287081,-246.6667,-606.5044,0,0
w762367064,footway563,highway,footway,walkway,2,47.6436939,-122.1287127,-243.9566,-613.3451,0,0
w762367065,footway564,highway,footway,walkway,6,47.6434892,-122.1291659,-219.2903,-580.5361,0,0
w762367066,footway565,highway,footway,walkway,2,47.6434548,-122.1290054,-231.8769,-580.8922,0,0
w762367067,footway566,highway,footway,walkway,2,47.6435215,-122.1289407,-234.0456,-589.5280,0,0
w762367068,footway567,highway,footway,walkway,4,47.6435539,-122.1287584,-245.7742,-597.4613,0,0
w762367069,footway568,highway,footway,walkway,2,47.6435627,-122.1288756,-237.1673,-595.4841,0,0
w762367070,footway569,highway,footway,walkway,2,47.6435941,-122.1286546,-251.6615,-604.2821,0,0
w762367071,footway570,highway,footway,walkway,7,47.6439643,-122.1284777,-250.8277,-647.6596,0,0
w762367072,footway571,highway,footway,walkway,4,47.6436566,-122.1286018,-253.1455,-612.1702,0,0
w762367073,footway572,highway,footway,walkway,5,47.6441820,-122.1289581,-209.0071,-658.6563,0,0
w762367074,footway573,highway,footway,walkway,7,47.6438818,-122.1291914,-203.3325,-621.2553,0,0
w762367075,footway574,highway,footway,walkway,5,47.6437934,-122.1295381,-182.0041,-603.3343,0,0
w762367076,footway575,highway,footway,walkway,2,47.6437153,-122.1298054,-165.9123,-588.4805,0,0
w762367077,footway576,highway,footway,walkway,2,47.6438223,-122.1284643,-256.8930,-633.0334,0,0
w762367078,footway577,highway,footway,walkway,2,47.6437783,-122.1285634,-251.4696,-625.9449,0,0
w762375369,service44,highway,service,driveway,7,47.6436891,-122.1288042,-237.6566,-610.5691,0,0
w762375370,footway578,highway,footway,walkway,3,47.6438966,-122.1303842,-118.4485,-593.1980,0,0
w762375371,footway579,highway,footway,walkway,4,47.6436841,-122.1304857,-118.9258,-568.3066,0,0
w762375372,footway580,highway,footway,walkway,4,47.6442339,-122.1306864,-84.9187,-621.2268,0,0
w762375373,footway581,highway,footway,walkway,3,47.6441216,-122.1307065,-87.5435,-608.8971,0,0
w762375374,footway582,highway,footway,walkway,2,47.6440568,-122.1307111,-89.5510,-601.9573,0,0
w762375375,footway583,highway,footway,walkway,2,47.6433494,-122.1307147,-114.8099,-527.3652,0,0
w762375376,footway584,highway,footway,walkway,3,47.6433865,-122.1307145,-113.4811,-531.2814,0,0
w762375377,footway585,highway,footway,walkway,2,47.6433422,-122.1307547,-112.2355,-525.6181,0,0
w762375378,footway586,highway,footway,walkway,2,47.6433411,-122.1308063,-108.6316,-524.2174,0,0
w762375379,footway587,highway,footway,walkway,3,47.6433219,-122.1308654,-105.1392,-520.7323,0,0
w762375380,footway588,highway,footway,walkway,2,47.6433028,-122.1309289,-101.3391,-517.1511,0,0
w762375381,footway589,highway,footway,walkway,2,47.6433120,-122.1310019,-95.8470,-516.3027,0,0
w762375382,footway590,highway,footway,walkway,2,47.6433035,-122.1309729,-98.1988,-516.1314,0,0
w762375383,footway591,highway,footway,walkway,2,47.6432825,-122.1310020,-96.9017,-513.1987,0,0
w762375386,footway592,highway,footway,walkway,2,47.6433379,-122.1310014,-94.9503,-519.0375,0,0
w762375389,footway593,highway,footway,walkway,4,47.6431231,-122.1315604,-63.1558,-482.5487,0,0
w762375390,footway594,highway,footway,walkway,2,47.6431155,-122.1315316,-65.4664,-482.4573,0,0
w762375391,footway595,highway,footway,walkway,2,47.6431874,-122.1302999,-149.9728,-520.6086,0,0
w762375392,footway596,highway,footway,walkway,2,47.6431931,-122.1302483,-153.4215,-522.4858,0,0
w762375393,footway597,highway,footway,walkway,2,47.6432103,-122.1302483,-152.7996,-524.3024,0,0
w762375394,footway598,highway,footway,walkway,2,47.6431868,-122.1302092,-156.4118,-522.7981,0,0
w763264760,footway599,highway,footway,walkway,2,47.6429876,-122.1264317,-430.7255,-595.5878,0,0
w763264761,footway600,highway,footway,walkway,2,47.6432365,-122.1264623,-419.5825,-621.0334,0,0
w763264762,footway601,highway,footway,walkway,6,47.6432480,-122.1260359,-449.3275,-632.8292,0,0
w763264794,footway602,highway,footway,walkway,2,47.6452960,-122.1258198,-390.7694,-853.8742,0,0
w763264801,footway603,highway,footway,walkway,2,47.6455905,-122.1258261,-379.7078,-884.7396,0,0
w763264802,footway604,highway,footway,walkway,4,47.6454535,-122.1257700,-388.6107,-871.7087,0,0
w763264803,footway605,highway,footway,walkway,2,47.6453790,-122.1257136,-395.2905,-865.2528,0,0
w763264804,footway606,highway,footway,walkway,2,47.6454352,-122.1258258,-385.3211,-868.3892,0,0
w763264805,footway607,highway,footway,walkway,2,47.6457092,-122.1258264,-375.4069,-897.2331,0,0
w763264806,path06,highway,path,walkway,5,47.6458793,-122.1259956,-357.3070,-910.9418,0,0
w763264807,footway608,highway,footway,walkway,2,47.6457006,-122.1261917,-349.8846,-887.2597,0,0
w763264808,steps32,highway,steps,walkway,3,47.6456215,-122.1261874,-353.0347,-879.0340,0,0
w763264809,footway609,highway,footway,walkway,2,47.6450004,-122.1266091,-345.6076,-803.1612,0,0
w763264810,footway610,highway,footway,walkway,4,47.6450409,-122.1266167,-343.6135,-807.2273,0,0
w763264811,footway611,highway,footway,walkway,2,47.6449863,-122.1266088,-346.1372,-801.6719,0,0
w763264812,footway612,highway,footway,walkway,2,47.6454163,-122.1256807,-396.2669,-870.0017,0,0
w763264813,footway613,highway,footway,walkway,2,47.6453858,-122.1256801,-397.4090,-866.8045,0,0
w763276442,footway614,highway,footway,walkway,2,47.6437557,-122.1307599,-96.9577,-569.0303,0,0
w763276443,footway615,highway,footway,walkway,2,47.6437948,-122.1309333,-83.2841,-568.8491,0,0
w763276444,footway616,highway,footway,walkway,3,47.6437763,-122.1308539,-89.5683,-568.8765,0,0
w763276445,footway617,highway,footway,walkway,2,47.6435921,-122.1307135,-106.1391,-552.9590,0,0
w763276446,footway618,highway,footway,walkway,2,47.6440262,-122.1307578,-87.3589,-597.5779,0,0
w763276447,footway619,highway,footway,walkway,2,47.6437949,-122.1309765,-80.2309,-567.7833,0,0
w763276448,footway620,highway,footway,walkway,2,47.6439951,-122.1309835,-72.5108,-588.7029,0,0
w763276449,footway621,highway,footway,walkway,4,47.6440249,-122.1309065,-76.8860,-593.7454,0,0
w763276450,footway622,highway,footway,walkway,3,47.6439560,-122.1312692,-53.7247,-577.4901,0,0
w763276451,footway623,highway,footway,walkway,2,47.6438777,-122.1309832,-76.7701,-576.3423,0,0
w763276452,footway624,highway,footway,walkway,2,47.6439665,-122.1309835,-73.5508,-585.6881,0,0
w763276453,footway625,highway,footway,walkway,2,47.6438904,-122.1307119,-95.4973,-584.4142,0,0
w763276454,footway626,highway,footway,walkway,2,47.6437514,-122.1309912,-80.7544,-562.8412,0,0
w763276455,footway627,highway,footway,walkway,2,47.6436526,-122.1309825,-84.9353,-552.6533,0,0
w763276457,footway628,highway,footway,walkway,2,47.6442132,-122.1301355,-124.6213,-632.7241,0,0
w763276458,footway629,highway,footway,walkway,2,47.6441937,-122.1300226,-133.3082,-633.4730,0,0
w763276460,footway630,highway,footway,walkway,4,47.6442138,-122.1297570,-151.3585,-642.1802,0,0
w763276461,footway631,highway,footway,walkway,3,47.6442081,-122.1296139,-161.6876,-645.1236,0,0
w763276462,footway632,highway,footway,walkway,2,47.6442005,-122.1295629,-165.5674,-645.5988,0,0
w763276463,footway633,highway,footway,walkway,3,47.6441723,-122.1300060,-135.2507,-631.6283,0,0
w763276464,steps33,highway,steps,walkway,2,47.6441448,-122.1299976,-136.8374,-628.9371,0,0
w763276465,footway634,highway,footway,walkway,2,47.6441712,-122.1300225,-134.1265,-631.0941,0,0
w763276466,steps34,highway,steps,walkway,2,47.6441534,-122.1300224,-134.7735,-629.2272,0,0
w763276467,footway635,highway,footway,walkway,4,47.6441181,-122.1300092,-136.9806,-625.8346,0,0
w763276468,footway636,highway,footway,walkway,3,47.6444967,-122.1295243,-157.6209,-677.7425,0,0
w763276469,steps35,highway,steps,walkway,2,47.6444911,-122.1294854,-160.5724,-678.1218,0,0
w763276470,footway637,highway,footway,walkway,2,47.6445078,-122.1295221,-157.3786,-678.9709,0,0
w763276471,steps36,highway,steps,walkway,2,47.6445078,-122.1294948,-159.3038,-679.6525,0,0
w763276472,footway638,highway,footway,walkway,4,47.6444991,-122.1294468,-163.0127,-679.9193,0,0
w763276473,footway639,highway,footway,walkway,4,47.6426809,-122.1270595,-397.3836,-547.6996,0,0
w763276474,footway640,highway,footway,walkway,12,47.6426208,-122.1267839,-419.0382,-548.2136,0,0
w763276475,footway641,highway,footway,walkway,2,47.6425596,-122.1256929,-498.4049,-568.8413,0,0
w763276476,footway642,highway,footway,walkway,3,47.6425896,-122.1259764,-477.2712,-564.9719,0,0
w763276477,footway643,highway,footway,walkway,2,47.6425699,-122.1260499,-472.7844,-561.0749,0,0
w763276478,footway644,highway,footway,walkway,2,47.6425650,-122.1260575,-472.4219,-560.3637,0,0
w763276479,footway645,highway,footway,walkway,2,47.6426633,-122.1263936,-445.1068,-562.3721,0,0
w763289414,footway646,highway,footway,walkway,8,47.6425469,-122.1265487,-438.3377,-546.2657,0,0
w763289416,footway647,highway,footway,walkway,2,47.6429021,-122.1263956,-436.3592,-587.4729,0,0
w763979080,footway648,highway,footway,walkway,6,47.6423402,-122.1256781,-507.3570,-546.1048,0,0
w763979081,footway649,highway,footway,walkway,2,47.6450464,-122.1300134,-103.2120,-723.5022,0,0
w763979082,footway650,highway,footway,walkway,4,47.6449444,-122.1305922,-65.9629,-698.3882,0,0
w763979083,footway651,highway,footway,walkway,9,47.6448267,-122.1320915,35.8228,-648.7756,0,0
w763979084,footway652,highway,footway,walkway,2,47.6429312,-122.1310440,-106.5921,-475.1512,0,0
w763979102,footway653,highway,footway,walkway,11,47.6455688,-122.1321509,66.7744,-725.4525,0,0
w780806478,footway654,highway,footway,walkway,2,47.6443696,-122.1321692,24.8318,-598.7020,0,0
w785765504,footway655,highway,footway,walkway,15,47.6422979,-122.1265354,-448.2539,-520.3695,0,0
w785765509,footway656,highway,footway,walkway,7,47.6425192,-122.1278080,-350.2870,-512.0940,0,0
w785900884,path07,highway,path,walkway,9,47.6458110,-122.1265699,-319.1561,-889.4974,0,0
w785900888,footway657,highway,footway,walkway,6,47.6453456,-122.1249249,-452.2610,-881.3143,0,0
w785900895,footway658,highway,footway,walkway,2,47.6437107,-122.1263167,-412.7872,-674.5839,0,0
w785900896,footway659,highway,footway,walkway,2,47.6439829,-122.1263164,-402.9910,-703.2569,0,0
w785900897,steps37,highway,steps,walkway,2,47.6439220,-122.1261293,-418.4158,-701.4928,0,0
w785900898,footway660,highway,footway,walkway,2,47.6442731,-122.1265471,-376.2123,-728.0980,0,0
w785900899,footway661,highway,footway,walkway,9,47.6442420,-122.1261134,-408.0080,-735.5953,0,0
w785900900,footway662,highway,footway,walkway,2,47.6448433,-122.1261266,-385.3937,-798.5878,0,0
w785900901,footway663,highway,footway,walkway,8,47.6445482,-122.1253657,-449.8429,-786.3991,0,0
w785900902,footway664,highway,footway,walkway,2,47.6446338,-122.1256728,-425.0378,-787.7888,0,0
w786195818,footway665,highway,footway,walkway,2,47.6452936,-122.1282920,-216.0293,-792.2657,0,0
w786195819,path08,highway,path,walkway,5,47.6451388,-122.1316779,17.8237,-691.9157,0,0
w786195820,path09,highway,path,walkway,17,47.6455566,-122.1314186,14.5503,-742.3447,0,0
w786195821,footway666,highway,footway,walkway,2,47.6447651,-122.1318592,17.1693,-648.0491,0,0
w786195822,footway667,highway,footway,walkway,6,47.6444695,-122.1318716,7.3928,-616.6185,0,0
w786195823,footway668,highway,footway,walkway,2,47.6443484,-122.1319416,7.9744,-602.1242,0,0
w786195824,path10,highway,path,walkway,15,47.6447477,-122.1319642,23.9656,-643.6151,0,0
w786195825,footway669,highway,footway,walkway,7,47.6443118,-122.1313544,-34.8664,-612.8444,0,0
w786195826,footway670,highway,footway,walkway,2,47.6447125,-122.1308140,-58.6408,-668.4606,0,0
w786195827,footway671,highway,footway,walkway,2,47.6450467,-122.1304240,-74.1671,-713.3364,0,0
w786210419,footway672,highway,footway,walkway,3,47.6446760,-122.1287792,-203.8442,-715.1278,0,0
w786210420,footway673,highway,footway,walkway,3,47.6446674,-122.1286814,-211.0691,-716.6454,0,0
w786210421,footway674,highway,footway,walkway,3,47.6440492,-122.1287808,-226.3320,-649.0696,0,0
w786210422,footway675,highway,footway,walkway,2,47.6447153,-122.1286820,-209.3038,-721.6707,0,0
w786210423,footway676,highway,footway,walkway,3,47.6447169,-122.1287429,-204.9342,-720.3354,0,0
w786210424,footway677,highway,footway,walkway,8,47.6446511,-122.1277004,-281.0351,-739.2775,0,0
w786210425,footway678,highway,footway,walkway,2,47.6448270,-122.1279981,-253.6354,-750.4093,0,0
w786210426,footway679,highway,footway,walkway,3,47.6445497,-122.1280550,-259.6101,-719.7951,0,0
w786210427,footway680,highway,footway,walkway,2,47.6446373,-122.1284948,-225.3540,-718.1029,0,0
w786210429,steps38,highway,steps,walkway,2,47.6445566,-122.1288420,-203.7110,-700.9973,0,0
w786210430,footway681,highway,footway,walkway,4,47.6446126,-122.1289713,-192.5440,-703.6809,0,0
w786210431,footway682,highway,footway,walkway,2,47.6447030,-122.1291585,-176.0530,-708.5538,0,0
w786210432,steps39,highway,steps,walkway,2,47.6447028,-122.1291310,-178.0032,-709.2089,0,0
w786210433,footway683,highway,footway,walkway,2,47.6447026,-122.1291084,-179.6086,-709.7488,0,0
w786210434,footway684,highway,footway,walkway,2,47.6447399,-122.1291027,-178.6668,-713.8186,0,0
w786210435,steps40,highway,steps,walkway,2,47.6447940,-122.1291039,-176.6350,-719.4876,0,0
w786210436,footway685,highway,footway,walkway,2,47.6448178,-122.1291044,-175.7397,-721.9869,0,0
w786210437,footway686,highway,footway,walkway,5,47.6448237,-122.1287829,-198.2600,-730.5880,0,0
w786210438,footway687,highway,footway,walkway,3,47.6442165,-122.1299723,-136.0449,-637.1135,0,0
w786210439,footway688,highway,footway,walkway,2,47.6434242,-122.1307145,-112.1165,-535.2558,0,0
w786210440,footway689,highway,footway,walkway,3,47.6426431,-122.1312808,-100.2374,-438.9332,0,0
w786210441,footway690,highway,footway,walkway,2,47.6426417,-122.1312102,-105.2857,-440.5342,0,0
w786210442,footway691,highway,footway,walkway,2,47.6426443,-122.1313458,-95.6011,-437.4473,0,0
w786210443,footway692,highway,footway,walkway,2,47.6426464,-122.1315197,-83.2209,-433.3494,0,0
w786210444,service45,highway,service,driveway,3,47.6426234,-122.1312847,-100.6707,-436.7573,0,0
w786210445,footway693,highway,footway,walkway,10,47.6426386,-122.1279864,-333.3651,-520.2323,0,0
w786210446,footway694,highway,footway,walkway,2,47.6426020,-122.1285289,-296.3232,-502.9204,0,0
w786210447,footway695,highway,footway,walkway,2,47.6428828,-122.1310415,-108.5121,-470.1213,0,0
w786210448,footway696,highway,footway,walkway,2,47.6428899,-122.1310936,-104.5754,-469.5770,0,0
w786210449,footway697,highway,footway,walkway,7,47.6428056,-122.1311907,-100.7481,-458.2793,0,0
w786210450,footway698,highway,footway,walkway,2,47.6442675,-122.1281350,-264.1267,-688.0873,0,0
w786235807,footway699,highway,footway,walkway,2,47.6429787,-122.1278656,-329.6402,-559.0549,0,0
w786235808,footway700,highway,footway,walkway,2,47.6430059,-122.1279105,-325.4915,-560.7957,0,0
w786235809,footway701,highway,footway,walkway,2,47.6430509,-122.1277574,-334.6903,-569.3392,0,0
w786235810,footway702,highway,footway,walkway,2,47.6430800,-122.1278010,-330.5615,-571.3229,0,0
w786235811,footway703,highway,footway,walkway,2,47.6442656,-122.1284207,-243.9970,-680.8031,0,0
w786235812,footway704,highway,footway,walkway,2,47.6441558,-122.1284316,-247.1832,-668.9624,0,0
w786235813,footway705,highway,footway,walkway,2,47.6432215,-122.1301874,-156.7024,-526.9937,0,0
w786235814,footway706,highway,footway,walkway,2,47.6444980,-122.1283639,-239.6258,-706.6910,0,0
w786235815,footway707,highway,footway,walkway,3,47.6444280,-122.1284211,-238.1112,-697.8916,0,0
w786235816,footway708,highway,footway,walkway,2,47.6434347,-122.1296764,-185.1585,-562.1219,0,0
w786235817,footway709,highway,footway,walkway,2,47.6434493,-122.1295021,-196.9507,-567.9953,0,0
w786235818,footway710,highway,footway,walkway,2,47.6433855,-122.1300105,-163.3044,-548.6524,0,0
w786235819,footway711,highway,footway,walkway,3,47.6434311,-122.1299099,-168.7697,-555.9464,0,0
w792002966,156th Avenue Northeast,highway,secondary,road,7,47.6409461,-122.1322722,-91.3094,-235.6064,0,0
w796318163,footway712,highway,footway,walkway,3,47.6426328,-122.1254292,-514.4116,-583.0974,0,0
w796318165,footway713,highway,footway,walkway,3,47.6426071,-122.1260443,-471.8364,-565.1208,0,0
w797164951,159th Avenue Northeast02,highway,residential,slowroad,13,47.6435313,-122.1271297,-361.7634,-635.5119,0,0
w797164952,tertiary02,highway,tertiary,road,15,47.6444709,-122.1263996,-379.5132,-752.5874,0,0
w797908513,footway714,highway,footway,walkway,4,47.6438017,-122.1301777,-136.4707,-588.3356,0,0
w798643248,steps41,highway,steps,walkway,2,47.6439288,-122.1303322,-120.9618,-597.8887,0,0
w798643249,footway715,highway,footway,walkway,2,47.6439604,-122.1303318,-119.8544,-601.2161,0,0
w798643270,steps42,highway,steps,walkway,3,47.6445226,-122.1279525,-267.8355,-719.4854,0,0
w798643271,footway716,highway,footway,walkway,4,47.6446086,-122.1283708,-235.1610,-718.1596,0,0
w798643272,footway717,highway,footway,walkway,4,47.6445986,-122.1285005,-226.3435,-713.8877,0,0
w799036513,footway718,highway,footway,walkway,3,47.6427875,-122.1316739,-67.2305,-444.3821,0,0
w799036514,footway719,highway,footway,walkway,2,47.6426502,-122.1318720,-58.1743,-425.0058,0,0
w799036515,footway720,highway,footway,walkway,3,47.6427244,-122.1316860,-68.6546,-437.4380,0,0
w799036516,footway721,highway,footway,walkway,2,47.6426711,-122.1316863,-70.5509,-431.8217,0,0
w800328073,footway722,highway,footway,walkway,4,47.6456038,-122.1274699,-262.9842,-845.3305,0,0
w800328082,footway723,highway,footway,walkway,2,47.6452331,-122.1277039,-259.8002,-800.4870,0,0
w800328083,footway724,highway,footway,walkway,2,47.6452836,-122.1277266,-256.3707,-805.2407,0,0
w800328089,footway725,highway,footway,walkway,2,47.6451385,-122.1282774,-222.6573,-776.2832,0,0
w800328090,steps43,highway,steps,walkway,2,47.6451385,-122.1282557,-224.1882,-776.8324,0,0
w800328091,footway726,highway,footway,walkway,3,47.6451501,-122.1282895,-221.3804,-777.2133,0,0
w800328092,footway727,highway,footway,walkway,3,47.6451433,-122.1281624,-230.6147,-779.6486,0,0
w800328101,footway728,highway,footway,walkway,3,47.6457674,-122.1305532,-39.0501,-786.0272,0,0
w800328102,path11,highway,path,walkway,11,47.6458353,-122.1289913,-147.0496,-831.9459,0,0
w800328111,footway729,highway,footway,walkway,4,47.6451356,-122.1312243,-14.3691,-702.8367,0,0
w800328112,footway730,highway,footway,walkway,2,47.6452714,-122.1310527,-21.6087,-721.3895,0,0
w800328113,footway731,highway,footway,walkway,4,47.6453219,-122.1309734,-25.3940,-728.6757,0,0
w800328114,footway732,highway,footway,walkway,2,47.6452058,-122.1311498,-17.1091,-712.0771,0,0
w800328115,footway733,highway,footway,walkway,2,47.6452442,-122.1311099,-18.5391,-717.1091,0,0
w800435519,footway734,highway,footway,walkway,3,47.6439658,-122.1321183,6.6720,-557.4418,0,0
w800435520,footway735,highway,footway,walkway,2,47.6437732,-122.1309829,-80.5607,-565.3391,0,0
w800435528,footway736,highway,footway,walkway,4,47.6431554,-122.1296674,-195.8594,-532.9348,0,0
w800435529,footway737,highway,footway,walkway,6,47.6442487,-122.1303597,-107.4864,-630.8954,0,0
w29221458,Microsoft Building 19,building,commercial,bldwall,19,47.6430498,-122.1312512,-87.6670,-482.4945,0,2
w29221468,Microsoft Building 18,building,commercial,bldwall,97,47.6441560,-122.1295013,-171.5266,-642.4383,0,0
w29221472,Microsoft Building 35,building,commercial,bldwall,44,47.6451907,-122.1255953,-410.4387,-848.3613,0,0
w29544744,Microsoft Building 16,building,commercial,bldwall,63,47.6431315,-122.1289422,-248.0023,-548.4158,0,0
w29544761,Microsoft Building 17,building,commercial,bldwall,67,47.6437467,-122.1279774,-294.0496,-637.1602,0,0
w29545183,Microsoft Building 34,building,commercial,bldwall,49,47.6439762,-122.1254996,-460.9929,-722.8365,0,0
w30510084,Microsoft Building 25,building,commercial,bldwall,159,47.6450887,-122.1308619,-41.6852,-706.8880,0,0
w31058255,Microsoft Building 20,building,commercial,bldwall,30,47.6438087,-122.1312699,-58.9808,-561.9619,0,0
w31058545,Microsoft Building 33,building,commercial,bldwall,43,47.6429052,-122.1254541,-502.8293,-611.1671,0,0
w34927883,parking01,building,parking,bldwall,21,47.6453594,-122.1292118,-148.6135,-776.3546,0,0
w261484974,Microsoft Cafe 16,building,bld,bldwall,26,47.6435162,-122.1285386,-262.6723,-598.9553,0,0
w344956344,Microsoft Living Well Health Center,building,commercial,bldwall,36,47.6453793,-122.1279025,-240.4846,-810.9542,0,0
w821479627,bld01,building,bld,bldwall,5,47.6439061,-122.1320924,2.6930,-551.7949,0,0
w821668613,bld02,building,bld,bldwall,5,47.6438625,-122.1272194,-343.4803,-668.1697,0,0
